"Leaf.bag.number","time.point","weight_start","stream","treatment","replicate","number.days","dry_weight_rest","ashes_rest","dry_weight_OMD","ashes_OMD","dry_weight_conidia","ashes_conidia","dry_weight_ergosterol","disks_OMD","disks_conidia","disks_total"
1,"April",6.967,"Hainbach","forest",3,23,5903.16,1625.16,25.05,3.16,16.02,1.09,NA,7,5,33
3,"April",7.046,"Russbach","vine",5,23,5202.68,629.32,19.9,1.18,13.61,1.01,NA,7,5,33
6,"April",6.971,"Otterbach","forest",6,23,5505.3,977.32,28.81,2.23,17.73,1.45,NA,7,5,33
7,"April",6.952,"Otterbach","vine",7,23,5486,1195.08,23.05,2.63,13.97,1.8,NA,7,5,33
8,"April",7.022,"Kropsbach","transplant",3,23,4855.98,1038.97,20.5,3,20.66,2.81,NA,7,5,33
10,"April",6.997,"Russbach","transplant",4,23,6288.5,1949.09,24.91,3.24,18.45,2.29,NA,7,5,33
11,"April",7.001,"Dierbach","vine",4,23,5145.8,889.65,20.44,2.18,15.16,1.73,NA,7,5,33
12,"April",6.998,"Otterbach","transplant",7,23,3227.32,880.29,24.3,4.29,16.19,2.17,NA,7,5,33
13,"April",6.961,"Kropsbach","vine",2,23,5352.01,465.15,13.15,1.5,13.41,1.24,NA,5,5,31
14,"April",6.961,"Isenach","vine",1,23,4718.4,526.44,20.22,1.62,12.86,0.95,NA,7,5,33
15,"April",NA,"Dierbach","vine",5,23,5481.15,1298.72,28.86,5.78,16.67,3.02,NA,7,5,33
17,"April",6.985,"Triefenbach","vine",4,23,5270,1123.8,23.91,3.52,15.71,1.52,NA,7,5,33
18,"April",7.001,"Russbach","forest",7,23,18559.22,13879.24,28.27,9.12,18.79,2.88,NA,7,5,33
20,"April",6.985,"Dierbach","vine",1,23,4722.75,589.59,31.53,3.27,25.24,2.9,NA,7,5,33
21,"April",7.035,"Modenbach","forest",6,23,5025,814.45,25.5,1.87,18.19,1.36,NA,7,5,33
22,"April",7.04,"Triefenbach","transplant",3,23,6140.9,1849.81,25.37,3.32,21.78,4.56,NA,7,5,33
23,"April",7.016,"Hainbach","vine",5,23,4441.7,547.24,23.32,NA,16.22,1.12,NA,7,5,33
24,"April",7.006,"Triefenbach","transplant",5,23,6329.12,2026.78,22.13,4.23,13.91,1.69,NA,7,5,33
27,"April",7.031,"Dierbach","transplant",3,23,5082.65,964.05,23.08,3.13,16.01,2.47,NA,7,5,33
30,"April",6.995,"Modenbach","vine",1,23,8111.17,2141.09,72.07,23.39,22.49,8.1,NA,15,5,41
34,"April",7.015,"Otterbach","forest",1,23,6181.54,1589.26,24.07,3.3,15.31,1.12,NA,7,5,34
37,"April",6.967,"Otterbach","vine",3,23,5267,855.28,23.15,2.15,14.86,1.46,NA,7,5,33
38,"April",6.955,"Hainbach","transplant",2,23,6457.97,2062.69,30,10.44,14.84,3.24,NA,7,5,33
40,"April",7.011,"Russbach","vine",7,23,5997.45,1582.35,34.34,14.34,14.36,1.59,NA,7,5,33
41,"April",7.006,"Isenach","forest",1,23,5705.84,1357.02,26.03,3.87,15.41,2.53,NA,7,5,33
44,"April",6.955,"Isenach","transplant",2,23,4366.9,555.22,23.8,2.91,14.77,1.08,NA,7,5,33
46,"April",6.971,"Hainbach","transplant",7,23,5753.55,1310.68,25.04,5.42,14.41,1.39,NA,7,5,33
47,"April",6.984,"Russbach","transplant",3,23,5266,899.12,24.99,2.22,16.41,1.83,NA,7,5,33
48,"April",7.027,"Triefenbach","forest",3,23,5720.4,1423.08,31.63,NA,15.61,3.44,NA,7,5,33
49,"April",6.984,"Isenach","vine",3,23,NA,NA,NA,NA,NA,NA,NA,0,0,NA
50,"April",6.99,"Otterbach","vine",1,23,4823.91,694,24.14,1.03,16.41,1.8,NA,7,5,33
51,"April",6.975,"Modenbach","forest",1,23,5445.74,1451.31,24.64,4.56,16.6,1.19,NA,7,5,33
52,"April",6.976,"Dierbach","transplant",7,23,7584.22,2045.83,23.67,5.27,13.43,1.6,NA,7,5,33
53,"April",NA,"Otterbach","transplant",1,23,4888.3,887.78,33.36,10.75,16,2.35,NA,7,5,33
54,"April",7.041,"Isenach","vine",2,23,5176,826.22,22.53,2.97,14.97,1.4,NA,7,5,33
55,"April",6.971,"Hainbach","forest",2,23,5532.75,1228.25,23.87,2.84,16.8,1.54,NA,7,5,33
56,"April",6.971,"Hainbach","vine",1,23,5952.71,1479.7,22.29,2.85,16.39,1.93,NA,7,5,33
57,"April",6.963,"Kaiserbach","vine",6,23,5406.1,1117.58,31.16,5.67,21.83,3.12,NA,7,5,33
59,"April",7.029,"Isenach","forest",6,23,5608.2,989.64,28.53,2.31,16.87,0.74,NA,7,5,33
60,"April",6.972,"Isenach","forest",4,23,7341,2679.72,24.16,4.57,13.63,1.27,NA,7,5,33
62,"April",7.002,"Kropsbach","forest",1,23,5897.25,1587.93,25.99,3.05,17.24,1.65,NA,7,5,33
65,"April",7.033,"Otterbach","vine",6,23,5088.39,756.7,25.4,2.43,17.52,1.86,NA,7,5,33
66,"April",6.951,"Klingbach","forest",3,23,4807,878.2,22.1,2.96,18.09,3.24,NA,7,5,33
67,"April",7.004,"Russbach","forest",6,23,9109.97,4425.58,32.79,11.85,16.94,3.77,NA,7,5,33
68,"April",7.004,"Dierbach","transplant",2,23,5412.74,1212.92,28.77,5.24,17.11,2.34,NA,7,5,33
69,"April",6.992,"Dierbach","transplant",4,23,NA,NA,30.12,5.88,19.58,3.48,NA,7,5,33
72,"April",7.03,"Kaiserbach","forest",7,23,5205.27,927.6,29.83,6.07,18.84,3.22,NA,7,5,33
73,"April",7.014,"Russbach","transplant",6,23,NA,NA,NA,NA,NA,NA,NA,0,0,0
74,"April",6.964,"Kropsbach","transplant",5,23,NA,NA,NA,NA,NA,NA,NA,0,0,NA
75,"April",6.996,"Russbach","vine",4,23,5734.63,1493.8,43.41,16.98,20.02,1.52,NA,7,5,33
76,"April",7.033,"Kaiserbach","forest",2,23,4816.49,461.12,25.22,1.37,15.05,1.13,NA,7,5,33
77,"April",7.024,"Modenbach","transplant",5,23,5646,1666.26,29.94,10.21,12.75,1.32,NA,7,5,33
78,"April",7.046,"Kaiserbach","transplant",2,23,5532.25,1335.53,33.93,9.1,17.99,4.03,NA,7,5,33
79,"April",7.006,"Dierbach","forest",2,23,NA,NA,34.48,11.92,17.43,4.43,NA,7,5,33
80,"April",7.01,"Modenbach","forest",7,23,5877.9,1298.51,23.63,2.17,17.42,1.03,NA,7,5,33
81,"April",7,"Triefenbach","forest",5,23,4469.7,512.21,23.75,1.51,15.23,0.69,NA,7,5,33
82,"April",7.045,"Kropsbach","vine",1,23,NA,NA,NA,NA,12.4,1.69,NA,0,5,18
83,"April",7.03,"Klingbach","transplant",4,23,4874,852.88,22.87,1.53,15.51,1.17,NA,7,5,33
85,"April",7.015,"Triefenbach","vine",3,23,4961.38,802.24,24.58,3.64,14.4,1.37,NA,7,5,33
86,"April",7.025,"Dierbach","forest",1,23,5746.96,1331.11,25.32,3.42,16.71,1.12,NA,7,5,33
87,"April",6.976,"Hainbach","vine",7,23,5097.29,627.16,31.61,6.55,21.46,4.3,NA,7,5,33
88,"April",6.992,"Isenach","transplant",6,23,5040.55,1140.14,33.87,12.12,14.61,1.34,NA,7,5,33
90,"April",6.995,"Modenbach","forest",3,23,5817.56,1402.31,35.92,11.04,15.29,1.34,NA,7,5,33
92,"April",6.991,"Otterbach","forest",4,23,5335.94,899.7,27.29,2.7,16.17,1.26,NA,7,5,33
93,"April",7.016,"Russbach","forest",4,23,8160.2,4731.4,29.21,5.91,19.44,3.24,NA,7,5,33
94,"April",6.976,"Kaiserbach","vine",7,23,6712.2,2255.26,36.71,15.1,17.93,4.04,NA,7,5,33
96,"April",7.033,"Klingbach","vine",6,23,5452.13,920.66,23.07,1.34,11.96,0.84,NA,7,5,33
97,"April",6.961,"Isenach","transplant",7,23,5059.14,981.45,23.66,4.39,16.96,4.63,NA,7,5,33
98,"April",7.043,"Russbach","forest",1,23,5427.98,874.07,22.76,3.09,16.88,1.3,NA,7,5,34
99,"April",7.016,"Klingbach","vine",1,23,6194.81,1760.09,18.68,1.03,17.84,1.01,NA,7,5,33
100,"April",6.966,"Russbach","transplant",2,23,7646,3042.4,16.91,1.42,17.5,3.2,NA,7,5,33
102,"April",6.955,"Triefenbach","transplant",4,23,6245.2,1900.04,67.05,16.81,17.25,2.75,NA,15,5,41
103,"April",6.995,"Kropsbach","transplant",4,23,NA,NA,NA,NA,NA,NA,NA,0,0,NA
104,"April",NA,"Otterbach","forest",5,23,5234.72,891.92,33.24,8.05,19.07,1.69,NA,7,5,33
105,"April",6.956,"Hainbach","transplant",5,23,4553,486.2,21.42,1.93,12.94,0.86,NA,7,5,33
106,"April",7.026,"Modenbach","forest",2,23,4990.6,652.76,23.82,2,15.46,0.89,NA,7,5,33
108,"April",NA,"Isenach","transplant",3,23,4909.32,902.49,19.67,1.73,10.1,0.9,NA,7,5,33
109,"April",7.023,"Kaiserbach","vine",2,23,5144.13,921.11,30.71,4.54,17.03,3.35,NA,7,5,33
110,"April",6.955,"Dierbach","forest",7,23,5408.37,739.86,20.68,1.29,15.78,0.93,NA,7,5,33
111,"April",7.025,"Modenbach","transplant",4,23,4998.25,945.06,21.31,3.22,13.39,1.25,NA,7,5,33
112,"April",7.02,"Otterbach","vine",5,23,6723,2000.51,26.3,2.94,17.74,2.99,NA,7,5,33
113,"April",7.026,"Dierbach","forest",5,23,5989,1558.77,26.86,3.31,17.89,2.3,NA,7,5,33
114,"April",6.967,"Modenbach","transplant",2,23,6210.84,2237.49,25.45,6.79,13.26,1.31,NA,7,5,33
115,"April",6.97,"Otterbach","vine",2,23,5641.36,1398.1,30.72,8.77,15.71,2.21,NA,7,5,33
119,"April",7.044,"Modenbach","vine",3,23,6214,2063.4,22.61,4.44,15.42,2.08,NA,7,5,33
121,"April",6.993,"Kaiserbach","forest",4,23,4700,518.68,21.16,2.22,14.71,0.96,NA,7,5,33
123,"April",6.99,"Modenbach","transplant",7,23,5704.5,1718.04,30.15,5.09,15.3,1.42,NA,7,5,33
124,"April",7.003,"Kaiserbach","vine",4,23,5296.73,1002.74,24.92,4.83,12.74,3.5,NA,7,5,33
125,"April",7.022,"Klingbach","transplant",7,23,5260,1214.37,26.93,6.19,16.63,1.99,NA,7,5,33
126,"April",6.965,"Triefenbach","transplant",7,23,5794.24,1524.25,35.43,10.65,19.5,3.19,NA,7,5,33
127,"April",7.023,"Isenach","forest",3,23,5944.85,1428.04,26.78,3.31,18.57,2.65,NA,7,5,33
128,"April",6.985,"Isenach","vine",5,23,NA,NA,NA,NA,NA,NA,NA,0,0,NA
129,"April",6.963,"Hainbach","transplant",6,23,4831.68,825.13,22.52,1.7,16.25,1.22,NA,7,5,33
130,"April",6.971,"Russbach","forest",2,23,6629,2166.16,25.83,5.42,16.91,2.7,NA,7,5,33
131,"April",6.995,"Kropsbach","forest",2,23,5958.23,1469.13,30.41,7.39,17.27,2.73,NA,7,5,33
134,"April",6.958,"Hainbach","vine",3,23,4962.2,888.43,20.25,2.42,13.72,0.89,NA,7,5,33
135,"April",7.036,"Dierbach","forest",4,23,6209.62,1700.12,23.6,4.24,14.18,2.06,NA,7,5,33
136,"April",7.03,"Isenach","forest",5,23,6282,1739.46,24.88,4.96,16.83,2.68,NA,7,5,33
137,"April",7.005,"Dierbach","forest",3,23,5039.55,747.08,29.79,4.72,18.01,1.91,NA,7,5,33
138,"April",7.034,"Hainbach","forest",1,23,5033.9,913.62,20.8,1.37,15.86,1.27,NA,7,5,33
139,"April",7.05,"Triefenbach","vine",2,23,6498.66,2016.38,NA,NA,18.25,4.07,NA,0,5,33
140,"April",6.959,"Russbach","vine",2,23,5841.31,1580.65,33.04,7.04,19,3.63,NA,7,5,33
141,"April",6.993,"Otterbach","transplant",2,23,5646.7,1455.4,27.84,5.85,17.24,2.23,NA,7,5,33
144,"April",6.961,"Kaiserbach","forest",5,23,4708.06,479,27.34,2.68,18.18,1.42,NA,7,5,33
146,"April",6.979,"Klingbach","vine",7,23,5378.06,720.16,26.35,1.63,19.38,1.58,NA,7,5,33
147,"April",7,"Modenbach","forest",4,23,5458.2,859.89,23.01,2.45,16.18,1.14,NA,7,5,33
148,"April",6.976,"Hainbach","forest",5,23,5746.7,1359.88,24.48,3.2,18.58,2.23,NA,7,5,33
150,"April",7.048,"Klingbach","transplant",6,23,4853.7,659.91,21.25,1.54,15.13,1.35,NA,7,5,33
151,"April",7.01,"Russbach","forest",3,23,6486.79,2136.82,29.34,6.71,15.88,1.58,NA,7,5,33
152,"April",7.016,"Kropsbach","forest",4,23,5174.1,931.48,26.43,2.08,20.7,1.83,NA,7,5,33
153,"April",6.955,"Kropsbach","forest",3,23,5811.82,1859.98,30.54,8.46,18.9,4.19,NA,7,5,33
154,"April",6.951,"Modenbach","transplant",3,23,6050.51,1868.04,22.24,4.43,16.29,2.23,NA,7,5,33
156,"April",7.031,"Isenach","transplant",5,23,5787,1593.94,26.4,6.56,18.7,2.83,NA,7,5,33
157,"April",6.966,"Triefenbach","transplant",1,23,6605.8,1703.54,37.18,9.46,NA,NA,NA,7,5,33
158,"April",6.994,"Kropsbach","vine",3,23,3828.7,447.56,15.23,1.74,12.43,0.88,NA,7,5,33
160,"April",7.018,"Isenach","forest",2,23,4727,482.42,24.49,3.72,13.88,1.42,NA,7,5,33
161,"April",6.995,"Kaiserbach","forest",3,23,5016.58,791.42,26.45,2.44,17.95,2.39,NA,7,5,33
162,"April",7.001,"Kaiserbach","vine",1,23,5110.39,795.06,27.41,4.92,18.03,2.23,NA,7,5,33
163,"April",7.03,"Russbach","vine",6,23,NA,NA,NA,NA,NA,NA,NA,0,0,NA
164,"April",7.024,"Kropsbach","transplant",7,23,5156,1300,33.31,7.25,18.29,1.45,NA,7,5,33
165,"April",7.021,"Otterbach","forest",7,23,4973,718.61,22.34,2.24,14.79,1.01,NA,7,5,33
166,"April",7.026,"Triefenbach","forest",7,23,5267.01,787.33,19.49,1.47,13.88,0.76,NA,7,5,33
167,"April",6.943,"Klingbach","transplant",1,23,4850.52,741.85,25.73,2.62,18.22,1.46,NA,7,5,33
168,"April",7.033,"Kaiserbach","vine",5,23,5801.39,1309.47,23.63,3.43,13.88,3.11,NA,7,5,33
169,"April",7.016,"Dierbach","forest",6,23,NA,NA,27.22,3.14,16.96,1.69,NA,7,5,33
171,"April",7.045,"Isenach","vine",6,23,4750.78,619.16,19.75,2.08,11.36,0.84,NA,7,5,33
175,"April",6.966,"Kaiserbach","transplant",7,23,5987.29,1729.8,27.5,7.13,15.72,2.93,NA,7,5,33
176,"April",6.955,"Modenbach","vine",5,23,5892.41,1915.36,36.48,11.63,21.87,4.06,NA,7,5,33
178,"April",6.961,"Kaiserbach","forest",1,23,4898,673.53,23.99,2.82,15.35,1.34,NA,7,5,33
179,"April",7.027,"Russbach","vine",1,23,NA,NA,NA,NA,NA,NA,NA,0,0,NA
180,"April",7.005,"Klingbach","forest",1,23,4822.4,766.52,20.77,3.18,14.19,1.42,NA,7,5,33
182,"April",6.996,"Triefenbach","transplant",6,23,6146.05,1808.46,30.11,8.89,15.5,2.8,NA,7,5,33
183,"April",7.003,"Otterbach","forest",3,23,3904.21,1107.57,27.99,2.41,18.11,1.36,NA,7,5,33
184,"April",6.995,"Triefenbach","forest",2,23,6140,1879.41,23.08,3.32,21.17,6.12,NA,7,5,33
185,"April",6.966,"Hainbach","vine",2,23,7314.66,2299.76,32.62,6.04,20.08,3.93,NA,7,5,33
186,"April",7.015,"Klingbach","vine",4,23,4901,655.02,23.78,2.61,14.4,1.31,NA,7,5,33
187,"April",7.032,"Kaiserbach","transplant",5,23,7794.85,1841.25,24.55,6.06,14.79,2.67,NA,7,5,30
188,"April",7.01,"Klingbach","forest",2,23,4698,713.12,24.34,3.83,17.08,2.41,NA,7,5,33
190,"April",6.947,"Klingbach","transplant",5,23,4630.74,645.2,22.38,2.08,14.56,1.09,NA,7,5,33
192,"April",6.975,"Dierbach","vine",7,23,4944.78,781.25,30.82,3.9,17.39,1.59,NA,7,5,33
193,"April",6.961,"Dierbach","transplant",1,23,7007.2,2652.2,35.07,11.56,16.99,2.99,NA,7,5,33
195,"April",6.968,"Otterbach","transplant",4,23,5030.01,718.74,22.89,1.86,15.26,1.41,NA,7,5,33
197,"April",7,"Klingbach","transplant",3,23,5440.33,743.55,30.72,3.22,20.48,2.6,NA,7,5,33
198,"April",NA,"Otterbach","forest",2,23,5584.8,1239.89,23.31,3.01,14.43,1.45,NA,7,5,33
201,"April",6.993,"Kropsbach","vine",4,23,NA,NA,NA,NA,NA,NA,NA,0,0,NA
203,"April",7.037,"Hainbach","transplant",4,23,6512.5,1914.04,31.94,6.53,19.25,2.27,NA,7,5,33
204,"April",6.953,"Triefenbach","vine",5,23,4931.73,770.76,21.83,2.46,15.25,2.02,NA,7,5,33
205,"April",7.022,"Hainbach","forest",6,23,6433.9,2050.15,24.49,2.86,14.24,1.19,NA,7,5,33
206,"April",6.976,"Isenach","transplant",4,23,4829.9,800.2,23.32,2.04,15.88,1.04,NA,7,5,33
208,"April",7.044,"Triefenbach","forest",1,23,7132.52,2714.91,27.9,5.52,15.82,1.28,NA,7,5,33
211,"April",6.953,"Triefenbach","vine",7,23,6049.51,1661.25,NA,NA,16.75,2.51,NA,0,5,33
213,"April",6.974,"Hainbach","vine",4,23,4711.24,661.08,16.43,1.15,13.51,1.65,NA,7,5,33
214,"April",6.981,"Russbach","vine",3,23,5475.9,1068.52,21.98,1.57,17.36,1.73,NA,7,5,33
215,"April",7.026,"Russbach","transplant",5,23,6400.24,2038,29.8,7.15,17.41,2.54,NA,7,5,33
216,"April",7.025,"Russbach","transplant",7,23,5847.27,1494.95,32.84,9.74,20.33,4.26,NA,7,5,33
218,"April",6.826,"Triefenbach","vine",6,23,6210.51,1396.81,27.74,4.33,14.7,1.89,NA,7,5,33
219,"April",6.967,"Triefenbach","transplant",2,23,5616,1297.4,27.87,5.03,19.33,2.55,NA,7,5,33
220,"April",7.037,"Hainbach","forest",7,23,6721.15,2247.35,28.63,5.24,15.5,1.67,NA,7,5,33
221,"April",6.966,"Modenbach","transplant",1,23,7227,3048.04,30.15,9.04,15.88,1.92,NA,7,5,33
223,"April",6.972,"Hainbach","vine",6,23,5129.01,774.25,22.28,2.17,14.71,1.06,NA,7,5,33
224,"April",6.963,"Hainbach","transplant",1,23,5314.06,1030.08,29.42,5.98,11.07,1.01,NA,7,5,33
225,"April",6.996,"Modenbach","vine",4,23,5695,1340.82,19.72,4.73,14.68,1.47,NA,7,5,33
226,"April",6.977,"Kaiserbach","transplant",4,23,5446,1262.1,23.95,4.5,14.39,2.14,NA,7,5,33
227,"April",7.023,"Triefenbach","forest",6,23,8504.62,3210.14,46.7,22.86,20.95,7.85,NA,7,5,33
228,"April",7.045,"Kropsbach","vine",6,23,4791.17,828.11,25.63,3.66,17.28,1.72,NA,7,5,33
231,"April",6.953,"Kaiserbach","vine",3,23,5708.33,1404.96,27.88,5.8,18.07,3.48,NA,7,5,33
232,"April",7.016,"Isenach","vine",4,23,4595,486.33,23.06,1.84,16.43,0.93,NA,7,5,33
233,"April",7.036,"Kropsbach","transplant",2,23,NA,NA,25.87,4.52,17.25,2.82,NA,7,5,33
234,"April",7.045,"Triefenbach","vine",1,23,5351.86,973.89,24.92,2.19,18.27,1.43,NA,7,5,33
235,"April",6.986,"Kropsbach","vine",5,23,NA,NA,NA,NA,NA,NA,NA,0,0,NA
236,"April",6.977,"Dierbach","vine",2,23,5046.01,859.39,25.05,3.23,19.6,2.16,NA,7,5,33
237,"April",6.966,"Hainbach","forest",4,23,6529.8,1950.67,30.33,5.84,19.86,4.43,NA,7,5,33
238,"April",6.971,"Otterbach","transplant",6,23,5155.28,939.05,25.62,5.37,16.55,1.98,NA,7,5,33
240,"April",6.984,"Triefenbach","forest",4,23,7935.67,3440.71,30.94,7.02,15.94,3.47,NA,7,5,33
243,"April",6.995,"Isenach","vine",7,23,5019.62,941.09,29.66,3.51,18.85,1.68,NA,7,5,33
244,"April",6.981,"Klingbach","transplant",2,23,5458.84,1116,22.04,1.93,15.03,1.36,NA,7,5,33
245,"April",6.966,"Klingbach","forest",4,23,5016.22,884.83,21.66,3.06,18.34,2.38,NA,7,5,33
250,"April",6.953,"Russbach","transplant",1,23,NA,NA,NA,NA,NA,NA,NA,0,0,NA
252,"April",7.016,"Otterbach","transplant",5,23,5627.5,1280.81,28.43,8.64,18.19,2.03,NA,7,5,33
253,"April",7.042,"Kaiserbach","transplant",1,23,5767,1367.4,24.14,4.49,15.59,2.3,NA,7,5,33
255,"April",7.016,"Klingbach","vine",2,23,5225,851.97,27.34,4.23,16,1.9,NA,7,5,33
256,"April",6.966,"Kropsbach","forest",5,23,6030.6,1747.86,30.71,5.99,19,2.38,NA,7,5,33
260,"April",6.954,"Kropsbach","forest",7,23,5483.16,1254.5,33.8,6.16,16.46,2.29,NA,7,5,33
261,"April",6.953,"Kaiserbach","forest",6,23,5186.81,966.43,25.3,4.36,16.73,2.32,NA,7,5,33
262,"April",6.967,"Dierbach","transplant",5,23,5681.7,1496.66,29.95,6.43,15.11,5.99,NA,7,5,33
265,"April",6.991,"Modenbach","vine",6,23,5680.8,1621.5,25.81,4.53,15.95,1.67,NA,7,5,33
266,"April",6.975,"Dierbach","vine",3,23,4820.75,738.71,23.82,2.17,18.27,2.44,NA,7,5,33
269,"April",7.013,"Klingbach","forest",7,23,4756.34,600.32,20.38,1.73,13.08,0.91,NA,7,5,33
271,"April",7.024,"Kropsbach","vine",7,23,NA,NA,34.27,13.35,13.63,2.17,NA,7,5,33
274,"April",7.015,"Kaiserbach","transplant",6,23,5096.7,991.27,24.72,4.05,15.03,1.98,NA,7,5,33
275,"April",7.005,"Modenbach","vine",7,23,5446.31,1318.55,24.99,4.01,16.98,1.53,NA,7,5,33
276,"April",6.983,"Kropsbach","forest",6,23,5068.44,592.57,26.37,2.51,16.27,1.79,NA,7,5,33
283,"April",7.033,"Otterbach","vine",4,23,NA,NA,NA,NA,NA,NA,NA,0,0,NA
286,"April",6.996,"Kropsbach","transplant",1,23,NA,NA,NA,NA,NA,NA,NA,0,0,NA
287,"April",7.013,"Modenbach","transplant",6,23,5896.97,1749.48,23.9,7.74,17.04,1.77,NA,7,5,33
288,"April",6.994,"Modenbach","vine",2,23,6520.19,2450.26,22.75,4.22,16.41,2.89,NA,7,5,33
290,"April",6.966,"Kropsbach","transplant",6,23,NA,NA,NA,NA,NA,NA,NA,0,0,NA
291,"April",7.002,"Klingbach","forest",6,23,5329.15,1152.15,28.61,4.25,14.91,2.29,NA,7,5,33
294,"April",7.035,"Klingbach","vine",5,23,20407,14753.73,24.62,1.53,17.67,1.27,NA,7,5,33
295,"April",6.96,"Kaiserbach","transplant",3,23,6014.2,1455.78,27.02,5.44,15.57,2.52,NA,7,5,33
296,"April",7.006,"Russbach","forest",5,23,5610,1320.3,26.08,5.06,17.49,2.04,NA,7,5,33
298,"April",7.023,"Dierbach","transplant",6,23,5253.91,682.96,28.1,2.45,15.52,1.12,NA,7,5,33
305,"April",6.961,"Isenach","transplant",1,23,5810.7,1635.52,33.13,11.99,14.52,2.17,NA,7,5,33
327,"April",6.977,"Dierbach","vine",6,23,5209.93,1051.87,28.8,5.53,14.57,1.85,NA,7,5,33
700,"April",7.006,"Otterbach","transplant",3,23,NA,NA,NA,NA,NA,NA,NA,0,0,NA
790,"April",NA,"Klingbach","vine",3,23,4914.06,643.47,22.81,2.13,15.37,1.09,NA,7,5,33
1,"June",3.956,"Kaiserbach","transplant",7,20,2488.9,671.02,30,2.79,22.35,3.61,NA,7,5,33
3,"June",4.037,"Kaiserbach","vine",1,20,2369.34,511.73,21.67,3.62,14.19,1.27,NA,7,5,33
4,"June",4.044,"Klingbach","transplant",3,20,2380.71,593.93,NA,NA,14.79,1.37,NA,0,5,11
6,"June",4.037,"Klingbach","vine",1,20,2006.39,167.27,21.62,1.16,16.09,0.91,NA,7,5,33
7,"June",3.998,"Kropsbach","vine",2,20,2617.1,1265.06,NA,NA,11.35,1.63,NA,0,5,8
8,"June",4.018,"Triefenbach","forest",5,20,2786.8,610.96,21.59,3.83,13.44,1.3,NA,7,5,33
10,"June",3.996,"Klingbach","transplant",2,20,2545.2,676.67,25.18,2.39,17.49,2.36,NA,7,5,33
11,"June",3.985,"Russbach","vine",7,20,2638.36,685.7,39.51,6.96,16.29,1.91,NA,7,5,33
12,"June",3.991,"Russbach","vine",3,20,2540.19,396.03,31.38,2.43,20.35,1.42,NA,7,5,33
13,"June",3.998,"Dierbach","vine",4,20,2615.03,649.32,27.89,4.04,13.57,1.11,NA,7,5,33
14,"June",3.961,"Kropsbach","forest",6,20,NA,NA,NA,NA,NA,NA,NA,0,0,0
15,"June",3.951,"Hainbach","forest",3,20,NA,NA,NA,NA,NA,NA,NA,0,0,0
17,"June",3.991,"Triefenbach","forest",1,20,2611,903.83,23.17,1.41,14.03,0.37,NA,7,5,33
20,"June",3.978,"Otterbach","transplant",1,20,2450.25,444.28,25.06,1.68,17.96,1.31,NA,7,5,33
21,"June",3.959,"Hainbach","transplant",5,20,2736.6,745.16,20.41,3.29,9.05,0.8,NA,7,5,33
22,"June",3.978,"Isenach","vine",4,20,1944.27,472.9,21.32,1.31,NA,NA,NA,7,5,33
23,"June",3.989,"Dierbach","vine",3,20,2247.68,548.92,22.1,2.82,19.87,2.38,NA,7,5,33
26,"June",3.99,"Kropsbach","forest",5,20,581.2,185.66,NA,NA,NA,NA,NA,0,0,3
27,"June",4.028,"Modenbach","forest",2,20,2289.94,501.86,NA,NA,NA,NA,NA,0,5,26
28,"June",3.998,"Kropsbach","vine",6,20,1233,371.57,NA,NA,NA,NA,NA,0,0,0
30,"June",3.972,"Otterbach","forest",7,20,2332.41,568.58,33.18,10.08,19.75,2.28,NA,7,5,33
33,"June",3.999,"Dierbach","forest",2,20,3091.5,836.84,30.96,7.94,16.83,1.9,NA,7,5,33
34,"June",4.011,"Klingbach","forest",1,20,NA,NA,NA,NA,NA,NA,NA,0,0,0
38,"June",3.972,"Kaiserbach","transplant",5,20,2923.83,999.65,30.38,2.62,18.25,1.87,NA,7,5,34
39,"June",3.954,"Triefenbach","forest",2,20,NA,NA,NA,NA,NA,NA,NA,0,5,0
40,"June",4.047,"Klingbach","vine",5,20,2331.32,665.07,NA,NA,14.19,2.06,NA,0,5,26
41,"June",3.984,"Triefenbach","vine",3,20,1884,270.59,23.25,2.06,12.41,0.85,NA,7,5,33
44,"June",4.02,"Kropsbach","vine",3,20,651.42,184.15,NA,NA,NA,NA,NA,0,5,33
46,"June",4.002,"Dierbach","vine",5,20,2350.91,301.16,25.43,2.38,24.15,1.51,NA,7,5,33
47,"June",4.028,"Klingbach","vine",7,20,2212.31,541.03,NA,NA,NA,NA,NA,0,5,11
48,"June",4.031,"Triefenbach","vine",1,20,1911.8,303.97,29.2,1.92,15.65,1.07,NA,7,5,33
49,"June",4.042,"Klingbach","vine",4,20,NA,NA,NA,NA,NA,NA,NA,0,0,0
50,"June",3.993,"Hainbach","transplant",3,20,2454.94,633.45,28.37,3.41,18.46,1.42,NA,7,5,33
51,"June",3.988,"Kaiserbach","forest",2,20,NA,NA,NA,NA,NA,NA,NA,0,0,0
52,"June",4.017,"Russbach","forest",1,20,1936.44,205.67,NA,NA,16.13,1.18,NA,0,5,26
53,"June",3.958,"Russbach","vine",4,20,2135.9,591.8,52.08,13.65,16.98,1.95,NA,7,5,33
54,"June",4.031,"Modenbach","forest",6,20,1532.2,368.38,NA,NA,35.78,3.78,NA,0,5,8
55,"June",4.001,"Modenbach","transplant",4,20,2055,385.85,NA,NA,15.03,1.1,NA,0,5,26
56,"June",3.992,"Dierbach","transplant",2,20,2929.43,800.2,31.78,5.23,NA,NA,NA,7,5,33
57,"June",4.014,"Otterbach","transplant",6,20,2308.4,378.41,22.62,2.37,15.1,1.13,NA,7,5,33
59,"June",3.968,"Klingbach","transplant",1,20,2040.01,217.67,18.78,1.13,13.36,1.11,NA,7,5,33
60,"June",3.981,"Dierbach","transplant",1,20,2770.6,1142.41,29.34,5.21,20.68,4.47,NA,7,5,28
62,"June",3.999,"Dierbach","forest",3,20,NA,NA,NA,NA,NA,NA,NA,0,0,0
64,"June",3.978,"Modenbach","vine",6,20,2380,800.2,19.96,1.76,NA,NA,NA,7,5,33
65,"June",3.995,"Kaiserbach","vine",2,20,2525.2,541.39,24.41,2.78,17.58,1.61,NA,7,5,33
66,"June",3.981,"Kropsbach","forest",7,20,1689.9,189.63,18.15,1.33,12.86,0.55,NA,7,5,33
67,"June",3.965,"Kaiserbach","forest",1,20,2350.09,307.48,19.3,1.75,16.16,1.35,NA,7,5,33
68,"June",4.023,"Modenbach","vine",3,20,2068.24,537.24,28.53,4.63,10.47,1.55,NA,7,5,33
69,"June",4.007,"Modenbach","vine",4,20,1923.48,542.38,NA,NA,13.48,2.11,NA,0,5,26
72,"June",4.005,"Hainbach","forest",4,20,1917.6,505.65,NA,NA,14.48,1.58,NA,0,5,26
75,"June",4.007,"Klingbach","forest",6,20,2254.89,271.65,20.53,1.67,NA,NA,NA,7,5,33
76,"June",3.981,"Triefenbach","transplant",7,20,2329.1,293.36,22.49,2.57,15.84,1.92,NA,7,5,33
78,"June",NA,"Dierbach","transplant",3,20,2268.3,395.86,28.02,2.97,16.63,1.53,NA,7,5,33
79,"June",3.981,"Hainbach","vine",7,20,2134.87,400.78,22.33,1.14,20.17,0.74,NA,7,5,33
80,"June",3.952,"Triefenbach","transplant",6,20,2123.4,215.98,27.4,2.06,13.7,2.22,NA,7,5,33
81,"June",4.04,"Kropsbach","transplant",5,20,1216.56,425.06,NA,NA,18.88,2.41,NA,0,5,8
82,"June",4.035,"Triefenbach","transplant",3,20,2496.61,472.79,25.77,2.44,13.69,1.31,NA,7,5,33
83,"June",3.99,"Triefenbach","vine",5,20,2340.7,241.71,32.11,2.92,15.93,1.04,NA,7,5,33
87,"June",4.005,"Kropsbach","forest",3,20,1273,873.08,NA,NA,NA,NA,NA,0,0,0
88,"June",3.999,"Dierbach","forest",4,20,2055,NA,28.49,3.95,18.01,1.56,NA,7,5,33
89,"June",3.952,"Modenbach","vine",2,20,2228.7,553.81,NA,NA,12.37,1.05,NA,0,5,11
90,"June",4.032,"Kropsbach","transplant",2,20,1681.92,986.99,NA,NA,NA,NA,NA,0,5,22
91,"June",4.016,"Triefenbach","transplant",4,20,2070.01,274.17,NA,NA,14.95,0.89,NA,0,5,11
92,"June",3.958,"Hainbach","vine",1,20,2051.4,474.68,22.7,1.31,16.07,1.04,NA,7,5,33
93,"June",3.98,"Kaiserbach","transplant",3,20,2042.64,537.27,NA,NA,17.25,2.91,NA,0,5,11
94,"June",3.991,"Otterbach","vine",5,20,1652.3,264.23,24.49,2.44,NA,NA,NA,7,0,33
95,"June",4.018,"Russbach","forest",7,20,2359.21,323.05,27.58,3.72,18,1.66,NA,7,5,33
96,"June",3.967,"Otterbach","forest",3,20,2511.61,810.12,20.75,3.03,16.23,1.75,NA,7,5,33
97,"June",4.005,"Triefenbach","vine",6,20,2240.1,531.89,25.09,1.56,14.36,0.78,NA,7,5,33
98,"June",4.03,"Kropsbach","transplant",3,20,395,160.9,NA,NA,37.58,8.91,NA,0,5,9
99,"June",4.042,"Modenbach","forest",5,20,2163.21,507.69,21.59,2.76,13.42,1.47,NA,7,5,33
100,"June",4.008,"Klingbach","transplant",4,20,NA,NA,NA,NA,NA,NA,NA,0,0,0
101,"June",3.975,"Kropsbach","transplant",6,20,1360.6,500.2,NA,NA,NA,NA,NA,0,5,8
102,"June",3.953,"Triefenbach","transplant",2,20,1546,192.15,NA,NA,15.02,1.39,NA,0,5,26
104,"June",4.024,"Triefenbach","forest",4,20,2106.4,466.72,22.51,2.32,13.19,1.44,NA,7,5,33
105,"June",4.035,"Russbach","vine",5,20,2316.55,596.2,26.51,3.18,16.01,2.19,NA,7,5,33
106,"June",3.963,"Klingbach","transplant",7,20,1736.44,391.94,NA,NA,18.03,1.48,NA,0,5,11
108,"June",3.974,"Kaiserbach","vine",3,20,2134.34,317.9,24.59,2.73,22.87,2.67,NA,7,5,33
110,"June",4.017,"Triefenbach","vine",2,20,2690.6,673.16,26.26,2.4,14.59,1.09,NA,7,5,33
111,"June",3.986,"Hainbach","transplant",6,20,2169.1,209.36,NA,NA,19.38,1.1,NA,0,5,26
112,"June",4.025,"Modenbach","vine",1,20,1891.72,690.99,NA,NA,19.37,1.75,NA,0,5,8
113,"June",3.979,"Hainbach","transplant",2,20,2189.2,350.04,27.9,1.97,15.95,1.45,NA,7,5,33
115,"June",3.974,"Modenbach","forest",4,20,2450.22,201.73,21.17,1.22,14.34,1.02,NA,7,5,33
119,"June",4.027,"Russbach","transplant",4,20,2496.15,421.23,28.7,2.51,17.98,2.24,NA,7,5,33
123,"June",4.008,"Klingbach","forest",3,20,NA,NA,NA,NA,16.56,1.5,NA,0,5,33
124,"June",3.983,"Otterbach","forest",5,20,2589.75,522.24,24.37,2.86,16.67,1.96,NA,7,5,33
125,"June",3.978,"Modenbach","transplant",1,20,2905.5,1186.79,NA,NA,NA,NA,NA,0,0,3
126,"June",3.981,"Dierbach","transplant",7,20,2336.5,325.48,29.49,3.29,22.32,2.1,NA,7,5,33
127,"June",3.996,"Dierbach","vine",2,20,2516.72,409.74,28.97,3.26,18.08,2.26,NA,7,5,33
129,"June",4.002,"Otterbach","transplant",2,20,2247.55,393.19,NA,NA,11.8,1.01,NA,0,5,26
130,"June",4.033,"Kaiserbach","vine",6,20,2256.36,363.24,26.15,2.69,18.13,2.23,NA,7,5,33
131,"June",4.026,"Kaiserbach","forest",4,20,2311.4,254.51,20.42,1.96,13.62,1.15,NA,7,5,33
133,"June",4.003,"Otterbach","transplant",4,20,2451.43,340.35,26.29,2.06,18.89,2.09,NA,7,5,33
134,"June",4.043,"Modenbach","forest",3,20,2186.91,743.6,NA,NA,15.1,0.91,NA,0,5,33
135,"June",3.965,"Hainbach","forest",6,20,2396.7,203.58,18.05,1.12,13.44,1.13,NA,7,5,33
136,"June",4.048,"Modenbach","forest",1,20,2899.34,1038.88,25.84,3.83,NA,NA,NA,7,0,33
137,"June",4.017,"Russbach","vine",2,20,2220.2,416.22,NA,NA,27.4,4.33,NA,0,5,26
138,"June",4.012,"Modenbach","vine",7,20,2894.9,1234.12,18.42,2.08,NA,NA,NA,7,5,33
139,"June",4.031,"Triefenbach","forest",3,20,2961.9,793.38,22.64,5.99,14.38,0.96,NA,7,5,33
141,"June",4.008,"Kaiserbach","forest",3,20,2160.9,256.09,22.26,2.32,13.11,2.8,NA,7,5,33
144,"June",3.98,"Russbach","forest",3,20,2317.6,362.89,22.27,2.44,17.74,1.09,NA,7,5,33
146,"June",4.035,"Otterbach","vine",7,20,2057.53,260.98,27.63,2.34,19.59,1.48,NA,7,5,33
147,"June",3.984,"Otterbach","vine",1,20,2718.31,466.77,24.74,1.42,19.94,1.75,NA,7,5,33
148,"June",4.04,"Triefenbach","forest",7,20,2450.03,304.08,26.07,1.72,14.74,2.09,NA,7,5,33
150,"June",4.022,"Dierbach","forest",7,20,NA,NA,NA,NA,NA,NA,NA,0,0,0
151,"June",4.029,"Kaiserbach","transplant",1,20,2593.1,1203.14,NA,NA,18.27,1.83,NA,0,5,11
152,"June",4.008,"Kaiserbach","transplant",4,20,2566.45,868.99,NA,NA,15.06,1.21,NA,0,5,11
156,"June",3.979,"Otterbach","forest",4,20,2742.85,611.05,26.03,2.27,15.45,1.77,NA,7,5,33
157,"June",3.956,"Dierbach","transplant",4,20,5646.7,1455.4,18.9,1.5,15.28,1.55,NA,7,5,33
160,"June",3.989,"Dierbach","transplant",6,20,2618.41,467.28,22.39,2.1,16.82,1.94,NA,7,5,33
162,"June",NA,"Hainbach","forest",5,20,3351.6,1198.03,21.93,2.62,13.15,1.24,NA,7,5,33
164,"June",4.031,"Triefenbach","vine",4,20,2542.5,455.38,23.44,3.77,12.56,1.4,NA,7,5,33
165,"June",3.996,"Klingbach","forest",7,20,NA,NA,NA,NA,NA,NA,NA,0,0,0
166,"June",3.958,"Hainbach","vine",2,20,1794.5,258.24,21.11,2.86,14.99,1.14,NA,7,5,33
168,"June",3.972,"Hainbach","transplant",1,20,NA,NA,NA,NA,NA,NA,NA,0,0,0
169,"June",4.048,"Russbach","forest",4,20,2551.27,351.86,32.59,2.68,20.17,1.08,NA,7,5,33
171,"June",3.975,"Triefenbach","forest",6,20,2721.3,529.04,21.29,1.64,15.29,1.68,NA,7,5,33
172,"June",4.047,"Dierbach","forest",6,20,2280.73,343.56,24.8,1.88,18.92,1.31,NA,7,5,33
176,"June",4.001,"Dierbach","vine",6,20,2369.42,409.15,24.31,3.13,17.79,2.44,NA,7,5,33
178,"June",4,"Otterbach","forest",1,20,2540.06,585.21,24.44,3.28,15.2,1.34,NA,7,5,33
180,"June",4.036,"Russbach","transplant",3,20,2399.1,523.19,28.79,3.53,25.3,2.86,NA,7,5,33
181,"June",3.994,"Russbach","transplant",1,20,2289.36,590.05,26.2,4.36,16.03,2.68,NA,7,5,33
182,"June",3.956,"Kropsbach","vine",7,20,NA,NA,NA,NA,NA,NA,NA,0,0,0
183,"June",4.005,"Klingbach","forest",4,20,2718.36,807.65,31.04,2.99,NA,NA,NA,7,0,28
184,"June",4.027,"Otterbach","vine",4,20,2912.68,664.98,21.67,1.73,14.11,0.88,NA,7,5,33
185,"June",4,"Kropsbach","transplant",7,20,NA,NA,NA,NA,NA,NA,NA,0,0,0
186,"June",4.038,"Klingbach","transplant",5,20,1962,502.78,NA,NA,19.55,2.16,NA,0,5,23
187,"June",3.981,"Kropsbach","forest",1,20,1275.8,405.45,NA,NA,16.46,3.12,NA,0,5,11
188,"June",4.009,"Dierbach","transplant",5,20,1800.98,219.75,32.92,2.67,19.72,1.73,NA,7,5,33
190,"June",3.954,"Kropsbach","vine",1,20,NA,NA,NA,NA,NA,NA,NA,0,0,0
192,"June",4.028,"Triefenbach","vine",7,20,2003.2,160.7,19.72,1.18,NA,NA,NA,7,5,33
193,"June",3.997,"Hainbach","vine",3,20,2096,445.37,23.09,1.82,14.34,1.76,NA,7,5,33
194,"June",3.978,"Kaiserbach","vine",4,20,2190.09,394.21,22.84,2.08,15.29,1.78,NA,7,5,33
195,"June",4.01,"Kaiserbach","vine",5,20,2185.6,516.02,NA,NA,13.47,1.12,NA,0,5,26
197,"June",3.969,"Modenbach","transplant",3,20,2006.5,1030.99,NA,NA,14.01,1.68,NA,0,5,26
202,"June",4.018,"Otterbach","vine",2,20,2650.7,690.31,NA,NA,18.1,2.73,NA,0,5,26
203,"June",3.991,"Otterbach","transplant",5,20,2103.75,291.97,26.62,2.13,21.67,2.88,NA,7,5,33
204,"June",4.005,"Hainbach","forest",2,20,NA,NA,NA,NA,NA,NA,NA,0,0,0
205,"June",4.001,"Russbach","transplant",6,20,2291.2,647.83,22.18,2.72,20.18,2.18,NA,7,5,33
206,"June",3.981,"Klingbach","forest",2,20,2414.07,435.45,25.87,4.51,NA,NA,NA,7,5,33
207,"June",4.018,"Kropsbach","vine",4,20,1169,358.48,NA,NA,NA,NA,NA,0,0,0
208,"June",3.96,"Hainbach","vine",6,20,2314,336.54,29.98,1.66,14.73,1.81,NA,7,5,33
211,"June",4.03,"Kropsbach","vine",5,20,2424.09,998.97,NA,NA,22.92,0.99,NA,0,5,22
213,"June",3.984,"Russbach","transplant",7,20,2237.33,505.32,25.48,2.44,15.29,2.16,NA,7,5,33
214,"June",4.004,"Klingbach","vine",2,20,2716.05,483.49,29.05,3.42,13.8,0.77,NA,7,5,33
215,"June",3.971,"Klingbach","vine",6,20,2227.53,551.95,NA,NA,NA,NA,NA,0,5,26
216,"June",3.976,"Triefenbach","transplant",5,20,2150.9,306.4,18.68,2.27,17.24,1.46,NA,7,5,33
218,"June",3.954,"Triefenbach","transplant",1,20,1953.5,376.53,26.62,2.7,13.88,1.36,NA,7,5,33
219,"June",3.957,"Klingbach","vine",3,20,2405.25,698.41,NA,NA,11.45,0.84,NA,0,5,26
221,"June",4.026,"Dierbach","vine",1,20,2474.13,350.48,24.15,2.47,16.88,1.96,NA,7,5,33
223,"June",4,"Hainbach","vine",5,20,3092.74,1121.4,25.32,2.47,13.52,1.1,NA,7,5,33
224,"June",3.986,"Russbach","forest",6,20,2371.1,241.09,26.19,1.67,14.88,0.99,NA,7,5,33
225,"June",4.021,"Russbach","vine",6,20,2164.76,449.31,NA,NA,13.91,2.08,NA,0,5,26
226,"June",4.003,"Hainbach","transplant",4,20,3688.87,1610.01,19.08,1.36,13.21,0.94,NA,7,5,33
227,"June",4.001,"Dierbach","forest",1,20,2841.98,511.71,35.94,3.52,18.66,1.94,NA,7,5,33
228,"June",4.03,"Otterbach","vine",6,20,NA,NA,NA,NA,NA,NA,NA,0,0,0
231,"June",3.958,"Modenbach","vine",5,20,2418.68,547.22,NA,NA,14.83,0.76,NA,0,5,11
232,"June",4.039,"Dierbach","vine",7,20,2339.27,285.45,27.1,2.04,15.26,1.27,NA,7,5,33
233,"June",3.994,"Otterbach","forest",2,20,2129.05,509.87,NA,NA,18.03,1.82,NA,0,5,26
234,"June",4.044,"Kaiserbach","forest",7,20,2566.5,384.3,26.98,2.25,11.64,1.23,NA,7,5,33
236,"June",3.982,"Modenbach","transplant",2,20,1948.8,365.52,NA,NA,NA,NA,NA,0,0,6
237,"June",4.049,"Modenbach","forest",7,20,NA,NA,NA,NA,NA,NA,NA,0,0,0
238,"June",3.974,"Kaiserbach","vine",7,20,2247.55,601.3,28.7,4.4,14.62,1.69,NA,7,5,33
240,"June",3.999,"Kaiserbach","transplant",6,20,2624.11,777.78,20.99,1.86,12.62,1.42,NA,7,5,33
241,"June",3.977,"Otterbach","transplant",3,20,2938.06,1178.03,23.6,2.03,17.46,2.02,NA,7,5,33
243,"June",3.98,"Dierbach","forest",5,20,2305.02,238.64,21.26,1.62,13.68,0.95,NA,7,5,33
252,"June",3.953,"Russbach","vine",1,20,2589.57,524.58,21.55,1.87,15.96,1.85,NA,7,5,33
256,"June",3.986,"Kaiserbach","forest",6,20,2472.9,361.69,17.48,1.3,13.87,1.21,NA,7,5,33
260,"June",3.977,"Kropsbach","forest",2,20,1086,629.07,NA,NA,NA,NA,NA,0,0,0
261,"June",3.985,"Hainbach","forest",7,20,2739.2,577.98,23.59,2.62,17.23,1.58,NA,7,5,33
262,"June",4.018,"Modenbach","transplant",5,20,1139.8,395.76,NA,NA,18.32,2.17,NA,0,5,11
265,"June",4.013,"Russbach","forest",2,20,2249.79,237.06,18.68,1.26,12.57,0.72,NA,7,5,33
266,"June",4.006,"Otterbach","forest",6,20,2460.8,378.76,21.79,1.51,19.94,1.47,NA,7,5,33
269,"June",4.033,"Otterbach","transplant",7,20,NA,NA,NA,NA,NA,NA,NA,0,0,0
271,"June",3.96,"Modenbach","transplant",6,20,2614.6,1016.71,NA,NA,13.44,1.32,NA,0,5,11
275,"June",4.03,"Hainbach","transplant",7,20,2005.4,447.31,NA,NA,15.14,2.07,NA,0,5,26
276,"June",3.975,"Kropsbach","transplant",1,20,1593.3,827.68,NA,NA,17.12,2.86,NA,0,5,9
283,"June",3.985,"Klingbach","forest",5,20,2536.5,453.62,19.14,1.78,12.67,0.91,NA,7,5,33
287,"June",NA,"Russbach","transplant",5,20,2241.27,402.63,29.18,3.39,19.78,2.64,NA,7,5,33
288,"June",3.971,"Kaiserbach","forest",5,20,2476.72,376.72,17.29,1.67,11.12,0.98,NA,7,5,33
291,"June",4.034,"Russbach","transplant",2,20,3114.53,1533,26.71,5.3,14.52,3.03,NA,7,5,33
294,"June",3.961,"Kropsbach","transplant",4,20,991.5,584.88,NA,NA,NA,NA,NA,0,0,0
295,"June",4.041,"Kropsbach","forest",4,20,NA,NA,NA,NA,NA,NA,NA,0,0,0
296,"June",4.004,"Klingbach","transplant",6,20,1748.67,NA,NA,NA,16.13,1.51,NA,0,5,8
298,"June",3.979,"Modenbach","transplant",7,20,1656.1,878.73,NA,NA,NA,NA,NA,0,5,11
305,"June",4.043,"Otterbach","vine",3,20,2177.06,433.17,NA,NA,NA,NA,NA,0,5,33
327,"June",3.972,"Hainbach","vine",4,20,2252.08,303.35,21.43,1.42,16.41,1.57,NA,7,5,33
506,"June",3.962,"Isenach","vine",1,20,1990.9,599.72,NA,NA,15.06,1.28,NA,0,5,21
517,"June",4.04,"Isenach","transplant",3,20,2536.56,537.57,22.39,3.17,10.38,1.02,NA,7,5,33
563,"June",4.003,"Isenach","forest",1,20,2512,484.26,22.1,3.2,12.9,0.87,NA,7,5,33
571,"June",4.015,"Isenach","forest",3,20,2417.21,403.56,31.4,3.93,16.99,1.4,NA,7,5,33
612,"June",3.956,"Isenach","vine",7,20,NA,NA,NA,NA,NA,NA,NA,0,0,0
658,"June",3.972,"Isenach","forest",2,20,2541.1,467.25,18.53,2.06,12.42,0.85,NA,7,5,33
659,"June",4.016,"Isenach","transplant",7,20,1761.15,213.8,NA,NA,16,1.23,NA,0,5,11
664,"June",4.046,"Isenach","vine",3,20,5225.67,2989.54,18.6,1.53,13.63,0.67,NA,7,5,33
665,"June",4.026,"Isenach","vine",2,20,3651.8,1767.58,30.08,9.96,19.23,2.1,NA,7,5,34
671,"June",3.994,"Isenach","forest",7,20,2574.69,296.68,23.4,2.34,19.45,2.37,NA,7,5,33
679,"June",4.004,"Isenach","transplant",5,20,2869.52,807.3,33.33,6.98,17.02,2.06,NA,7,5,33
683,"June",4.005,"Isenach","transplant",4,20,2019.1,521.51,NA,NA,18.16,1.4,NA,0,5,11
685,"June",4.009,"Isenach","transplant",2,20,2788.1,781.83,17.54,1.73,12.01,1.18,NA,7,5,33
700,"June",4.001,"Isenach","transplant",6,20,1803.24,215.71,NA,NA,19.34,1.65,NA,0,5,11
714,"June",4.011,"Isenach","forest",6,20,2498.1,344.03,20.1,1.54,12.44,0.72,NA,7,5,33
721,"June",4.045,"Isenach","forest",5,20,2747.3,503.97,NA,NA,15.8,1.44,NA,0,5,33
724,"June",3.975,"Isenach","vine",6,20,1791.32,461.18,NA,NA,15.04,1.29,NA,0,5,11
756,"June",4.036,"Isenach","forest",4,20,2592.68,462.39,31.11,3.93,17.89,1.47,NA,7,5,33
768,"June",3.966,"Isenach","transplant",1,20,1835.1,261.8,NA,NA,10.42,0.95,NA,0,5,26
769,"June",3.953,"Isenach","vine",5,20,2572.13,1073.63,36.99,8.66,11.79,1.06,NA,7,5,33
1,"August",7.03,"Kropsbach","forest",4,22,3016.9,735.09,NA,NA,14.45,1.16,NA,0,5,11
3,"August",6.967,"Dierbach","vine",1,22,2687.8,382.37,22.98,2.43,17.38,1.72,NA,7,5,33
6,"August",6.964,"Triefenbach","transplant",4,22,NA,NA,NA,NA,NA,NA,NA,0,0,0
7,"August",6.974,"Modenbach","forest",2,22,3778.04,2234.71,NA,NA,NA,NA,NA,0,5,8
8,"August",7.04,"Hainbach","transplant",2,22,3514.51,489.96,20.27,1.61,15.62,1.13,NA,7,5,33
11,"August",6.978,"Isenach","transplant",7,22,6082.73,2508.86,29.06,7.23,15.73,2.93,NA,7,5,33
12,"August",7.019,"Otterbach","forest",5,22,4177.43,846.4,24.45,2.94,17.03,1.78,NA,7,5,33
13,"August",6.993,"Dierbach","transplant",6,22,2159.22,890.99,NA,NA,13.27,1.75,NA,0,5,11
17,"August",7.017,"Dierbach","transplant",2,22,2765.61,519.33,NA,NA,20.09,2.24,NA,0,5,26
18,"August",6.966,"Triefenbach","vine",2,22,3473,829.5,23.76,2.04,14.99,1.01,NA,7,5,33
20,"August",7.02,"Klingbach","transplant",4,22,2823.41,766.39,NA,NA,NA,NA,NA,0,0,3
21,"August",7.003,"Modenbach","forest",3,22,3335.1,1180.4,NA,NA,20.78,2.01,NA,0,5,33
22,"August",6.968,"Otterbach","transplant",1,22,3985.42,733.88,22.49,2.06,16.28,1.55,NA,7,5,33
23,"August",7.029,"Modenbach","vine",1,22,5501.53,2122.76,24.72,4.13,20.76,3.63,NA,7,5,33
26,"August",6.96,"Kaiserbach","forest",6,22,4567.25,1079.51,22.8,3.28,15.96,2.47,NA,7,5,33
27,"August",7.05,"Otterbach","vine",3,22,5693.02,2276.33,25.85,2.24,20.04,2.58,NA,7,5,33
28,"August",7.036,"Modenbach","forest",4,22,3758.71,345.94,23.11,2.38,14.91,1.16,NA,7,5,26
30,"August",6.975,"Triefenbach","forest",7,22,3519.8,411.48,25.4,1.76,16.66,1.27,NA,7,5,33
33,"August",7.043,"Russbach","vine",7,22,5664.55,2016.22,NA,NA,15.33,1.77,NA,0,5,33
38,"August",7.006,"Kropsbach","vine",5,22,2545.64,399.7,NA,NA,NA,NA,NA,0,0,3
39,"August",6.99,"Hainbach","forest",1,22,2813.71,198.84,NA,NA,17.39,1.27,NA,0,5,11
40,"August",6.966,"Dierbach","forest",2,22,1119.1,476.99,NA,NA,NA,NA,NA,0,5,0
41,"August",7.032,"Modenbach","transplant",2,22,4354.46,1409.95,26.62,3.59,16.01,1.95,NA,7,5,33
44,"August",6.972,"Kropsbach","forest",3,22,NA,NA,NA,NA,NA,NA,NA,0,0,0
46,"August",6.994,"Kaiserbach","forest",5,22,3462.92,361.77,23.03,1.97,14.09,1.28,NA,7,5,33
47,"August",6.959,"Dierbach","transplant",4,22,3377.58,1009.53,20.09,2.39,14.04,2.06,NA,7,5,33
48,"August",6.998,"Isenach","transplant",5,22,3562.6,459.61,16.54,1.19,13.16,1.39,NA,7,5,33
50,"August",6.998,"Modenbach","transplant",1,22,4497.66,2660.03,26.97,4.96,16.92,2.72,NA,7,5,33
52,"August",7.033,"Klingbach","forest",5,22,NA,NA,NA,NA,18.89,1.66,NA,0,5,26
53,"August",7.024,"Hainbach","vine",2,22,3357.66,468.3,NA,NA,15.99,1.58,NA,0,5,26
54,"August",6.958,"Dierbach","forest",1,22,3533.07,944.11,22.9,1.81,16.32,1.58,NA,7,5,33
55,"August",6.996,"Klingbach","vine",1,22,4887.66,134.14,18.36,1.68,13.37,0.97,NA,7,5,33
56,"August",7.038,"Russbach","forest",5,22,4382.6,786.9,NA,NA,13.9,1.38,NA,0,5,26
57,"August",7.045,"Klingbach","forest",1,22,3442.29,503.29,24.11,1.49,21.36,1.61,NA,7,5,33
59,"August",6.979,"Hainbach","transplant",7,22,2650.9,289.49,NA,NA,20.59,1.34,NA,0,5,8
60,"August",6.968,"Isenach","transplant",6,22,6052.2,2572.9,31.2,11.15,14.57,2.46,NA,7,5,33
66,"August",6.987,"Dierbach","vine",3,22,4472.83,1499.95,21.58,2.83,17.46,2.59,NA,7,5,33
67,"August",6.995,"Hainbach","forest",6,22,3072.59,491.72,27.1,1.28,16.7,1.04,NA,7,5,33
68,"August",7.004,"Dierbach","forest",6,22,2441.81,856.24,NA,NA,NA,NA,NA,0,5,11
69,"August",7.014,"Klingbach","transplant",5,22,3712.03,625.65,NA,NA,14.8,1.35,NA,0,5,33
75,"August",6.959,"Hainbach","vine",6,22,3376.9,449.07,NA,NA,18.12,1.7,NA,0,5,26
76,"August",7.022,"Hainbach","vine",1,22,4780.4,1332.88,27.07,1.41,16.57,0.91,NA,7,5,33
78,"August",6.995,"Hainbach","forest",4,22,3390.26,295.23,23.62,0.97,15.58,1.01,NA,7,5,33
79,"August",6.993,"Hainbach","forest",5,22,1961.32,403.36,20.93,2.74,24.01,7.84,NA,7,5,33
80,"August",7.004,"Russbach","transplant",2,22,3640,907.07,NA,NA,14.08,1.8,NA,0,5,26
81,"August",7.05,"Modenbach","forest",5,22,2547.42,859.14,NA,NA,19.12,1.64,NA,0,5,8
82,"August",7.046,"Hainbach","transplant",4,22,4563.4,920.93,22.04,3.61,15.86,1.7,NA,7,5,33
83,"August",7.014,"Russbach","forest",3,22,4379.39,700.3,21.01,3.12,14.02,1.71,NA,7,5,33
85,"August",6.985,"Modenbach","vine",2,22,3594.79,576.28,NA,NA,15.95,1.67,NA,0,5,26
88,"August",7.027,"Triefenbach","vine",4,22,3473.05,601.56,18.92,1.58,15.45,1.86,NA,7,5,33
89,"August",7.005,"Triefenbach","forest",4,22,4620.8,2137.12,23.02,2.56,15.79,1.46,NA,7,5,33
90,"August",7.021,"Kropsbach","transplant",6,22,2701.9,510.77,NA,NA,20.97,1.63,NA,0,5,11
91,"August",7.031,"Russbach","transplant",5,22,3348.58,669.7,25.8,3.81,17.46,2.63,NA,7,5,26
92,"August",7.017,"Russbach","vine",6,22,5401.9,2178.14,22.48,2.85,17.23,2.57,NA,7,5,33
93,"August",6.963,"Hainbach","transplant",3,22,NA,NA,NA,NA,NA,NA,NA,0,0,0
94,"August",7.01,"Kaiserbach","transplant",7,22,6801.6,3841.71,25.81,5.58,14.48,2.14,NA,7,5,33
97,"August",6.981,"Modenbach","vine",6,22,3776.5,512.61,28.11,2.49,18.24,2.99,NA,7,5,33
98,"August",7.046,"Triefenbach","vine",5,22,3577.5,761.41,30.14,3.49,17,1.17,NA,7,5,33
99,"August",7.005,"Hainbach","forest",2,22,1507.42,140.1,NA,NA,17.45,0.82,NA,0,5,8
101,"August",7.028,"Modenbach","transplant",7,22,3760.8,771.6,23.11,1.48,NA,NA,NA,7,5,33
102,"August",7.017,"Dierbach","transplant",1,22,2729.9,1473.89,NA,NA,NA,NA,NA,0,0,3
104,"August",6.983,"Russbach","transplant",4,22,3800.67,892.02,NA,NA,16.92,2.06,NA,0,5,26
105,"August",7.008,"Kropsbach","transplant",3,22,2420.1,372.98,NA,NA,NA,NA,NA,0,0,3
106,"August",7.04,"Kropsbach","vine",4,22,4720,2024.56,NA,NA,22.44,6.38,NA,0,5,26
108,"August",6.962,"Modenbach","vine",5,22,5385.2,2123.76,35.77,11.13,19.39,5.05,NA,7,5,33
110,"August",7.017,"Otterbach","transplant",4,22,2118.92,987.88,NA,NA,14.03,1.94,NA,0,5,11
111,"August",7.031,"Otterbach","transplant",5,22,3449.3,1310.44,24.54,2.68,16.77,1.61,NA,7,5,33
112,"August",7.027,"Triefenbach","vine",7,22,3405.1,837.94,NA,NA,15.09,1.2,NA,0,5,26
113,"August",6.952,"Triefenbach","transplant",5,22,3078.8,579.47,18.69,1.59,10.96,0.87,NA,7,5,33
114,"August",6.981,"Kaiserbach","forest",4,22,4127.84,530.02,28.95,2.45,16.3,2.05,NA,7,5,33
115,"August",7.04,"Russbach","vine",5,22,3992.25,961.35,16.51,1.5,12.72,1.45,NA,7,5,33
124,"August",6.981,"Hainbach","vine",5,22,2877.7,318.41,NA,NA,9.88,0.98,NA,0,5,8
125,"August",6.974,"Dierbach","vine",6,22,3902.78,500.87,18.47,1.45,13.55,1.31,NA,7,5,33
126,"August",7.021,"Klingbach","forest",7,22,4321.62,1013.49,21.06,1.52,16.41,1.21,NA,7,5,33
127,"August",6.992,"Klingbach","transplant",6,22,NA,NA,NA,NA,NA,NA,NA,0,0,0
129,"August",7.034,"Otterbach","vine",1,22,3979.69,1093.29,23.23,2.15,14.34,1.68,NA,7,5,33
130,"August",7.048,"Isenach","vine",4,22,5504.8,2055.1,25.58,3.71,13.14,2.62,NA,7,5,33
131,"August",6.991,"Hainbach","forest",7,22,3038.1,696.98,26.71,3.37,17.3,2.81,NA,7,5,33
133,"August",6.97,"Dierbach","transplant",3,22,2452.87,1325.5,NA,NA,NA,NA,NA,0,0,3
134,"August",7.032,"Klingbach","transplant",7,22,4105.48,983.49,24.36,4.13,14.79,2.15,NA,7,5,33
135,"August",6.977,"Russbach","transplant",7,22,4854,1561.13,22.15,3.12,13.33,2.4,NA,7,5,33
136,"August",7.008,"Triefenbach","transplant",1,22,5186.5,2305.95,21.02,3.69,12.31,1.34,NA,7,5,33
137,"August",7.034,"Dierbach","transplant",7,22,1997.59,636.68,NA,NA,15.13,1.94,NA,0,5,11
138,"August",7.044,"Kaiserbach","transplant",3,22,4830.7,1592.61,29.84,3.65,16.9,1.86,NA,7,5,33
139,"August",6.996,"Isenach","forest",4,22,3544.1,392.7,NA,NA,14.09,1.08,NA,0,5,11
140,"August",7.031,"Triefenbach","transplant",2,22,2958,437.18,NA,NA,15.37,1.19,NA,0,5,26
141,"August",7.016,"Modenbach","vine",7,22,3954.77,570.6,17.22,1.94,12.02,1.33,NA,7,5,33
144,"August",7.034,"Kaiserbach","forest",3,22,4018.2,627.83,18.84,1.73,12.55,2,NA,7,5,33
146,"August",6.96,"Otterbach","vine",6,22,3780,714.14,NA,NA,15.68,1.81,NA,0,5,26
147,"August",6.991,"Kaiserbach","forest",7,22,4444.95,736.41,23.85,3.01,13.33,1.92,NA,7,5,33
148,"August",6.995,"Kaiserbach","transplant",6,22,3664.82,1576.08,NA,NA,17.96,2.38,NA,0,5,26
150,"August",7.046,"Kropsbach","transplant",4,22,3110,690.54,NA,NA,16.56,1.34,NA,0,5,26
151,"August",7.031,"Klingbach","vine",5,22,5880.46,2372.1,25.7,2.69,15.62,2.73,NA,7,5,33
152,"August",7.028,"Otterbach","forest",7,22,4615,1321.01,25.74,2.66,17.61,2.24,NA,7,5,33
156,"August",7.009,"Kropsbach","transplant",2,22,NA,NA,NA,NA,NA,NA,NA,0,0,0
157,"August",6.99,"Klingbach","transplant",1,22,4374.42,1233.51,20.39,1.52,13.46,0.93,NA,7,5,33
160,"August",7.031,"Kaiserbach","vine",6,22,3876,936.48,24.5,2.96,16.8,2.01,NA,7,5,33
162,"August",6.967,"Triefenbach","vine",3,22,3510.48,432.32,25.45,2.22,15.9,1.22,NA,7,5,33
164,"August",6.982,"Dierbach","forest",5,22,3589.67,441.14,25.48,1.62,17.17,1.71,NA,7,5,33
165,"August",6.977,"Kropsbach","transplant",5,22,3771.49,1647.13,NA,NA,20.88,2.9,NA,0,5,11
166,"August",6.985,"Russbach","transplant",3,22,3209.5,576.28,NA,NA,14.06,1.65,NA,0,5,26
169,"August",7.004,"Klingbach","transplant",3,22,2938.49,435.15,NA,NA,15.01,1.35,NA,0,5,33
171,"August",6.985,"Triefenbach","forest",1,22,3045.04,989.86,NA,NA,11.92,0.94,NA,0,5,26
172,"August",7.05,"Kropsbach","forest",2,22,4473.55,2847.53,NA,NA,13.39,1.02,NA,0,5,11
176,"August",6.953,"Triefenbach","vine",6,22,4573,1531.71,25.18,2.64,18.5,1.96,NA,7,5,33
178,"August",7.009,"Triefenbach","transplant",7,22,3388,524.73,NA,NA,15.69,1.36,NA,0,5,26
180,"August",7,"Isenach","vine",7,22,3630.8,589.81,24.07,1.34,15.09,1,NA,7,5,33
184,"August",6.966,"Otterbach","vine",2,22,4788.31,1824.01,NA,NA,15.54,2.89,NA,0,5,26
186,"August",6.964,"Hainbach","vine",3,22,3163.8,323.01,24.7,1.59,16.9,1.41,NA,7,5,33
187,"August",6.968,"Klingbach","forest",4,22,3246,1022.14,NA,NA,NA,NA,NA,0,0,3
188,"August",7.002,"Hainbach","forest",3,22,2792.1,463.64,NA,NA,14.61,0.95,NA,0,5,26
192,"August",7.027,"Klingbach","forest",3,22,3629.53,858.19,26.86,3.63,14.2,1.39,NA,7,5,33
193,"August",7.015,"Kropsbach","transplant",7,22,3374.1,1315.25,NA,NA,15.71,3.09,NA,0,5,26
194,"August",7.009,"Isenach","forest",3,22,4342.2,768.23,26.55,3.89,15.03,1.37,NA,7,5,33
195,"August",7.025,"Klingbach","vine",2,22,NA,NA,NA,NA,NA,NA,NA,0,0,0
197,"August",7.023,"Modenbach","transplant",3,22,3722.84,1280.4,17.59,1.92,16.13,1.64,NA,7,5,33
198,"August",6.987,"Kropsbach","forest",1,22,NA,NA,NA,NA,NA,NA,NA,0,0,0
202,"August",7.009,"Isenach","transplant",4,22,4559.9,1203.92,NA,NA,17.91,4.53,NA,0,5,26
203,"August",7.034,"Dierbach","forest",7,22,3285.68,724,26.62,3.04,16.93,2.15,NA,7,5,33
205,"August",7.021,"Klingbach","forest",6,22,5038.62,1767.71,18.42,1.78,12.88,1.12,NA,7,5,33
206,"August",7.004,"Otterbach","forest",3,22,3225.65,576.45,NA,NA,12.2,1.05,NA,0,5,11
207,"August",7.033,"Otterbach","forest",4,22,2995.88,1084.99,NA,NA,NA,NA,NA,0,0,3
208,"August",7.039,"Dierbach","vine",2,22,4002.48,637.42,27.78,3.86,19.26,1.87,NA,7,5,33
211,"August",7.027,"Kropsbach","forest",7,22,4475.1,1574.35,27.68,3.56,17.16,1.6,NA,7,5,33
213,"August",6.998,"Dierbach","forest",4,22,3231.43,1099.83,NA,NA,17.73,2.04,NA,0,5,26
214,"August",6.979,"Dierbach","vine",4,22,3815,960.07,22.62,2.36,17.39,2.32,NA,7,5,33
216,"August",6.977,"Hainbach","transplant",6,22,3771.8,568.69,21.1,1.99,12.99,0.98,NA,7,5,33
218,"August",6.982,"Dierbach","vine",7,22,4025.6,666.27,25.3,2.21,13.29,1.57,NA,7,5,33
219,"August",7.02,"Isenach","vine",6,22,3321.8,547.81,19.21,1.27,14.21,0.99,NA,7,5,33
221,"August",6.961,"Kaiserbach","transplant",4,22,4587.22,1771.84,31.39,6.2,17.24,2.52,NA,7,5,33
223,"August",7.024,"Modenbach","transplant",6,22,4848.5,1503.88,17.1,1.61,13.14,1.28,NA,7,5,33
224,"August",6.972,"Kaiserbach","vine",5,22,4081.77,851.94,26.84,4.33,18.44,2.87,NA,7,5,33
225,"August",6.973,"Isenach","forest",5,22,3283.17,214.25,23.13,1.16,15.12,0.69,NA,7,5,33
227,"August",6.981,"Kropsbach","vine",7,22,3412.33,1264.02,NA,NA,NA,NA,NA,0,0,3
231,"August",7.047,"Modenbach","transplant",5,22,3792.5,1201.45,28.56,3.28,23.76,4.06,NA,7,5,33
232,"August",6.979,"Dierbach","forest",3,22,2994.89,426.45,25.84,1.52,18.46,1.45,NA,7,5,33
233,"August",7.021,"Otterbach","transplant",7,22,4617.02,2215.37,30.73,5.03,14.78,2.07,NA,7,5,33
234,"August",6.975,"Modenbach","forest",6,22,2565.36,509.5,NA,NA,17.15,4.43,NA,0,5,27
236,"August",7.007,"Modenbach","transplant",4,22,5065.4,1693.91,25.43,2.52,15.43,2.08,NA,7,5,33
238,"August",6.997,"Isenach","vine",5,22,3653.55,512.48,25.32,1.7,12.96,1.06,NA,7,5,33
240,"August",7.019,"Kropsbach","vine",3,22,2560.7,497.39,NA,NA,17.11,2.05,NA,0,5,26
241,"August",7.023,"Otterbach","vine",5,22,5235,2885.48,22.88,4.28,12.89,1.57,NA,7,5,33
243,"August",7.033,"Triefenbach","vine",1,22,4876,2253.85,23.12,4.39,12.27,1.43,NA,7,5,33
244,"August",6.965,"Kaiserbach","vine",7,22,6761.38,3350.51,22.75,0.58,13.54,1.83,NA,7,5,33
256,"August",6.965,"Modenbach","vine",3,22,4055.77,818.05,27.72,4.16,17.49,2.49,NA,7,5,33
260,"August",6.956,"Isenach","forest",6,22,4200.6,700.65,NA,NA,13.02,1.34,NA,0,5,26
261,"August",6.995,"Kropsbach","transplant",1,22,1667.6,814.7,NA,NA,15.5,2.26,NA,0,5,8
262,"August",7.034,"Hainbach","vine",7,22,3318.1,408.08,NA,NA,15.95,1.62,NA,0,5,20
265,"August",7.024,"Otterbach","transplant",3,22,3537.05,864.87,23.26,2.76,15.11,1.89,NA,7,5,33
266,"August",6.992,"Klingbach","transplant",2,22,4176,1036.2,NA,NA,8.95,0.72,NA,0,5,33
271,"August",7.03,"Modenbach","vine",4,22,3407.9,581.83,NA,NA,18.08,1.86,NA,0,5,26
275,"August",7.008,"Russbach","vine",3,22,4823.87,1601.49,NA,NA,24.43,3.32,NA,0,5,26
283,"August",7.048,"Triefenbach","forest",6,22,4083.02,761.97,25.69,2.86,20.03,1.52,NA,7,5,33
287,"August",6.984,"Russbach","vine",4,22,4379.9,1516.14,31.58,8.01,24.57,10.52,NA,7,5,33
288,"August",7.046,"Kropsbach","vine",2,22,NA,NA,NA,NA,NA,NA,NA,0,0,0
291,"August",6.984,"Otterbach","forest",6,22,4642.9,1635.09,33.52,5.25,19.02,2.41,NA,7,5,33
294,"August",6.968,"Russbach","forest",4,22,4035,560.92,31.75,3.41,15.87,1.58,NA,7,5,33
296,"August",6.988,"Kropsbach","forest",6,22,4823,1693.4,21.13,3.61,13.37,1.09,NA,7,5,33
298,"August",7.018,"Hainbach","transplant",5,22,NA,NA,NA,NA,NA,NA,NA,0,0,0
305,"August",6.982,"Kaiserbach","vine",4,22,3806,724.48,28.24,6.15,19.58,2.84,NA,7,5,33
327,"August",6.953,"Isenach","vine",1,22,4670.2,1228.95,23.87,2.81,16.06,1.43,NA,7,5,33
506,"August",6.984,"Otterbach","transplant",6,22,5517,2182.04,20.99,1.99,12.59,0.91,NA,7,5,33
517,"August",6.989,"Russbach","transplant",6,22,3886,1252.53,NA,NA,NA,NA,NA,0,0,0
531,"August",7.005,"Russbach","transplant",1,22,3745,620.67,24.22,2.67,19.27,2.7,NA,7,5,33
553,"August",6.96,"Russbach","forest",2,22,4369.82,869.96,20.03,2.4,16.24,1.71,NA,7,5,33
563,"August",6.971,"Triefenbach","transplant",6,22,5020.3,1777.87,27.4,4.35,15.77,1.66,NA,7,5,33
611,"August",7.021,"Russbach","forest",7,22,4246.44,800.55,18.62,2.53,17.19,2.16,NA,7,5,33
612,"August",7.025,"Otterbach","vine",4,22,4366.51,1374.93,21.37,3.62,12.96,1.58,NA,7,5,33
658,"August",7.043,"Triefenbach","forest",5,22,3337.97,263.27,NA,NA,15.5,1.03,NA,0,5,26
659,"August",7.038,"Klingbach","vine",4,22,3270.51,657.06,24.74,2.01,20.15,1.62,NA,7,5,33
664,"August",6.983,"Klingbach","vine",6,22,4487.12,1690.93,22.28,1.92,17.95,1.84,NA,7,5,33
665,"August",6.993,"Otterbach","vine",7,22,3515.86,783.1,NA,NA,15.15,1.59,NA,0,5,26
671,"August",7.035,"Isenach","transplant",3,22,3475.7,674.78,18.34,1.21,17.07,1.54,NA,7,5,33
679,"August",7.045,"Russbach","forest",6,22,4861.8,1242.25,27.63,3.75,17.61,1.75,NA,7,5,33
683,"August",7.035,"Klingbach","forest",2,22,NA,NA,NA,NA,15.51,1.24,NA,0,5,26
685,"August",7.045,"Dierbach","transplant",5,22,1391,680.57,NA,NA,NA,NA,NA,0,0,0
700,"August",7.026,"Otterbach","transplant",2,22,4578.1,2008.56,NA,NA,13.28,1.57,NA,0,5,26
707,"August",6.96,"Russbach","forest",1,22,2824.88,485.34,23.36,2.31,14.95,1.22,NA,7,5,33
714,"August",6.978,"Kaiserbach","vine",1,22,4472.15,1419.03,25.78,6.9,14.88,1.56,NA,7,5,33
721,"August",7.035,"Triefenbach","forest",3,22,3484.39,1421.27,NA,NA,16.64,1.43,NA,0,5,26
724,"August",6.99,"Triefenbach","forest",2,22,2320.7,745.94,NA,NA,NA,NA,NA,0,0,2
756,"August",7.036,"Modenbach","forest",7,22,NA,NA,NA,NA,NA,NA,NA,0,0,0
768,"August",6.998,"Isenach","forest",7,22,4061.9,585.04,30.31,4.78,21.65,2.42,NA,7,5,33
769,"August",6.993,"Kaiserbach","transplant",5,22,3905.73,767.92,26.01,3.23,15.03,1.66,NA,7,5,33
4,"August",NA,"Triefenbach","transplant",3,22,3970.94,613.94,28.78,5.74,18.44,2.22,NA,7,5,33
16,"August",6.966,"Russbach","vine",1,22,4165.46,916.33,NA,NA,17,2.19,NA,0,5,26
25,"August",6.96,"Kaiserbach","forest",1,22,4405.84,558.68,22.61,1.73,17.82,2.21,NA,7,5,33
29,"August",6.982,"Isenach","vine",2,22,3740.92,936.17,22.39,1.5,16.79,1.17,NA,7,5,33
35,"August",6.977,"Kaiserbach","vine",2,22,4709.01,1367.96,22.88,2.39,16.55,1.87,NA,7,5,33
37,"August",6.967,"Modenbach","forest",1,22,5484.44,3597.33,NA,NA,18.77,2.23,NA,0,5,8
42,"August",6.981,"Isenach","transplant",1,22,5376.56,1877.91,27.89,5.62,17.6,1.28,NA,7,5,33
45,"August",7.042,"Kropsbach","forest",5,22,4866.75,3046.48,27.86,7.9,13.86,1.97,NA,7,5,33
58,"August",6.967,"Otterbach","forest",2,22,3305,750.57,NA,NA,17.24,2.7,NA,0,5,11
61,"August",7.002,"Russbach","vine",2,22,4582,1237.86,NA,NA,15.04,2.7,NA,0,5,33
63,"August",6.981,"Isenach","vine",3,22,3661.7,767.86,24.73,1.69,16.29,1.12,NA,7,5,33
64,"August",7.044,"Hainbach","vine",4,22,NA,NA,NA,NA,NA,NA,NA,0,0,0
71,"August",6.974,"Otterbach","forest",1,22,1827.25,363.9,23.04,1.35,19.68,1.72,NA,7,5,33
96,"August",7.033,"Klingbach","vine",3,22,4227.52,929.55,NA,NA,18.37,1.19,NA,0,5,11
116,"August",7.014,"Kropsbach","vine",1,22,NA,NA,NA,NA,NA,NA,NA,0,0,0
117,"August",6.992,"Isenach","forest",2,22,5951.9,2159.9,25.23,4.07,17.03,1.48,NA,7,5,33
118,"August",6.987,"Dierbach","vine",5,22,4436,933.58,18.9,1.69,18.17,2.14,NA,7,5,33
143,"August",7.025,"Kaiserbach","transplant",2,22,3938,1519.76,NA,NA,14.65,2.18,NA,0,5,26
149,"August",6.992,"Kaiserbach","forest",2,22,NA,NA,28.76,3.95,14.73,2.13,NA,7,5,33
159,"August",6.98,"Kropsbach","vine",6,22,3162,680.57,22.26,3.2,18.59,2.52,NA,7,5,33
189,"August",6.977,"Kaiserbach","vine",3,22,4708.17,1290.08,38.32,14.14,21.47,6.28,NA,7,5,33
210,"August",7.017,"Kaiserbach","transplant",1,22,4445,1160.41,22.14,2.87,12.57,1.94,NA,7,5,33
222,"August",6.954,"Isenach","transplant",2,22,3960.1,638.47,28.25,2.44,17.12,1.05,NA,7,5,33
525,"August",NA,"Klingbach","vine",7,22,5108.28,1931.19,18.95,2.35,12.73,1.21,NA,7,5,33
3,"September",7.019,"Triefenbach","vine",4,14,4581.75,620.42,26.92,2.36,13.4,1.19,NA,7,5,33
4,"September",NA,"Klingbach","forest",7,14,5230.4,826.32,20.63,2.62,15.96,1.89,NA,7,5,33
13,"September",6.979,"Modenbach","vine",1,14,5804.81,542.32,28.02,5.44,15.63,2.2,NA,7,5,33
16,"September",7.007,"Modenbach","vine",3,14,4677.7,932.13,19.05,2.75,16.78,2,NA,7,5,33
17,"September",6.984,"Triefenbach","forest",3,14,4725.12,954.21,30.22,7.39,16.34,1.85,NA,7,5,33
18,"September",6.96,"Triefenbach","transplant",3,14,4528.52,793.07,21.35,3.25,12.09,1.1,NA,7,5,33
20,"September",7.022,"Otterbach","transplant",5,14,4650,1151,56.52,18.07,18.68,3.08,NA,7,5,35
22,"September",7.027,"Otterbach","vine",7,14,6554.8,2712.3,28.79,6.18,16.8,3.6,NA,7,5,33
23,"September",6.969,"Kaiserbach","transplant",5,14,5086.9,988.1,20.48,1.83,13.35,1.79,NA,7,5,33
25,"September",7.008,"Otterbach","forest",5,14,4583.9,686.95,22.96,4.02,14.46,2.5,NA,7,5,33
26,"September",6.958,"Otterbach","forest",1,14,4808.2,1060.8,27.83,5.77,18,2.1,NA,7,5,33
27,"September",6.992,"Kaiserbach","transplant",2,14,5505.83,1324.08,25.04,3.88,16.7,3.11,NA,7,5,33
30,"September",7.028,"Modenbach","forest",4,14,4371.4,495.8,20.59,2.21,13.03,1.25,NA,7,5,33
33,"September",7.004,"Otterbach","transplant",7,14,4810,891,28.39,5.17,15.26,2.61,NA,7,5,33
35,"September",7.05,"Triefenbach","forest",6,14,4458.37,520.92,22.22,2.47,15.5,1.13,NA,7,5,33
40,"September",7.004,"Isenach","transplant",1,14,5120.73,1010.31,28.07,4.42,19.11,2.72,NA,7,5,33
41,"September",7.017,"Klingbach","transplant",5,14,5765.9,1753.3,38.6,11.58,12.8,2.1,NA,7,5,33
45,"September",7.043,"Isenach","forest",6,14,4668.58,727.03,27.42,4.37,16.96,1.39,NA,7,5,33
46,"September",7.017,"Otterbach","forest",6,14,4832,826.6,24.04,3.67,14.53,2.58,NA,7,5,33
47,"September",7.027,"Triefenbach","vine",3,14,4350.35,490.22,22.4,2.9,15.88,1.93,NA,7,5,33
50,"September",7.008,"Otterbach","transplant",1,14,4624,1118.6,35.89,8.37,NA,NA,NA,7,5,33
52,"September",7.04,"Isenach","transplant",2,14,5180.14,1122.74,25.9,3.67,13.7,1.77,NA,7,5,33
53,"September",6.996,"Klingbach","transplant",3,14,5786.51,1899.09,31.9,6.11,14.53,3.31,NA,7,5,33
55,"September",6.989,"Modenbach","transplant",6,14,5461.81,1487.85,30.82,4.79,26.48,2.86,NA,7,5,33
57,"September",7.011,"Isenach","forest",2,14,4822.73,587.38,26.77,2.17,20.61,1.72,NA,7,5,33
58,"September",6.993,"Kaiserbach","transplant",4,14,5303,1438,25.61,5.31,17.6,3.2,NA,7,5,33
59,"September",6.997,"Klingbach","forest",5,14,4617.1,851.8,25.19,4.98,15.71,2.17,NA,7,5,33
61,"September",7.01,"Otterbach","transplant",6,14,4858.2,1296.6,25.03,4.26,17.6,2.9,NA,7,5,33
66,"September",7.018,"Modenbach","forest",7,14,4226.78,476.9,22.54,1.92,12.84,1.01,NA,7,5,33
67,"September",6.991,"Modenbach","forest",1,14,4158.9,540.6,26.32,2.95,16.73,1.52,NA,7,5,33
68,"September",6.982,"Kaiserbach","forest",7,14,4614,917,22.48,3.21,11.5,1.5,NA,7,5,33
69,"September",6.995,"Modenbach","transplant",1,14,4728.4,1055.3,21.56,2.69,15.69,1.83,NA,7,5,33
71,"September",7.025,"Klingbach","forest",2,14,4434.01,723.94,25.11,3.15,17.89,2.84,NA,7,5,33
80,"September",6.955,"Modenbach","transplant",4,14,4332.7,645.4,19.54,2.55,13.57,1.71,NA,7,5,33
89,"September",6.073,"Isenach","transplant",4,14,4995.03,1044.16,19.64,3.03,14.64,3.32,NA,7,5,33
91,"September",7.039,"Otterbach","vine",1,14,5427.58,1634.32,26.5,3.75,16.56,2.88,NA,7,5,33
92,"September",6.989,"Modenbach","forest",6,14,3842.25,435,27.76,2.34,19.18,1.6,NA,7,5,33
94,"September",7.026,"Modenbach","transplant",3,14,4662,849.2,24.64,3.01,15.02,1.39,NA,7,5,33
96,"September",NA,"Kaiserbach","vine",7,14,5433,1765,29.46,8.46,20.3,5.2,NA,7,5,33
97,"September",6.975,"Klingbach","forest",1,14,4458.66,634.16,27.07,3.94,16.33,1.62,NA,7,5,33
98,"September",7.024,"Klingbach","vine",6,14,5697,1779.8,27.89,4.02,19.3,3,NA,7,5,33
101,"September",6.988,"Klingbach","forest",3,14,4850.7,407.2,33.85,6.48,14.08,1.92,NA,7,5,33
104,"September",6.986,"Modenbach","vine",7,14,5237.28,1138.57,33.19,7.42,18.01,3.42,NA,7,5,33
108,"September",6.992,"Klingbach","vine",2,14,5278.14,1402.17,26.18,4.81,NA,NA,NA,7,5,33
110,"September",6.974,"Triefenbach","forest",5,14,4484.05,584.45,18.52,1.93,11.37,1.18,NA,7,5,33
111,"September",7.039,"Modenbach","vine",6,14,4895.07,850.57,22.33,2.24,14.01,1.54,NA,7,5,33
112,"September",6.972,"Klingbach","transplant",4,14,5153.5,1124.87,26.09,4.99,15.89,1.67,NA,7,5,33
113,"September",6.998,"Klingbach","transplant",7,14,5764.5,1724.77,28.71,9.11,16.05,2.63,NA,7,5,33
114,"September",6.972,"Isenach","vine",4,14,4381.49,437.68,23.75,1.54,16.93,1.31,NA,7,5,33
118,"September",7.022,"Isenach","vine",2,14,4838.88,796.74,27.87,3.23,14.42,1.81,NA,7,5,33
124,"September",6.986,"Otterbach","transplant",2,14,5219.2,1662.9,27.19,2.81,15.31,2.62,NA,7,5,33
126,"September",7.007,"Otterbach","vine",6,14,5013,1217.59,22.47,5.18,14.47,3.02,NA,7,5,33
127,"September",7.006,"Klingbach","forest",4,14,4993.1,916.02,22.91,3.13,12.36,1.24,NA,7,5,33
133,"September",6.956,"Kaiserbach","forest",2,14,4763.6,739.1,28.58,4.62,11.36,1.71,NA,7,5,33
134,"September",6.985,"Triefenbach","vine",6,14,4784.1,779.61,21.93,3.23,16.84,1.83,NA,7,5,33
135,"September",7.015,"Modenbach","forest",3,14,4447.34,470.4,23.28,2.04,17.18,1.56,NA,7,5,33
138,"September",6.993,"Kaiserbach","transplant",6,14,NA,NA,22.81,5.29,14.35,2.45,NA,7,5,33
141,"September",7.03,"Klingbach","vine",5,14,6349.3,2179.3,21.58,3.86,17.3,2.7,NA,7,5,33
143,"September",6.988,"Triefenbach","vine",1,14,4340.29,535.29,31.14,3.22,26.37,2.43,NA,7,5,33
144,"September",7.008,"Kaiserbach","vine",4,14,5544.9,1600.8,31.36,7.33,19.65,3.46,NA,7,5,33
146,"September",6.992,"Triefenbach","forest",2,14,3406.57,555.36,21.97,2.97,16.03,1.98,NA,7,5,33
147,"September",7.027,"Otterbach","vine",2,14,4418,809,19.76,2.38,12.7,1.81,NA,7,5,33
148,"September",7.017,"Isenach","transplant",6,14,4278.31,561.75,20.8,2.38,12.69,1.5,NA,7,5,33
149,"September",7.005,"Modenbach","transplant",7,14,4520,672,26.29,3.11,13.62,2.04,NA,7,5,33
151,"September",6.989,"Otterbach","transplant",4,14,4634.1,1013.33,26.09,4.95,14.36,2.17,NA,7,5,33
152,"September",7.047,"Isenach","forest",5,14,4635.17,582.97,19.86,1.73,14.24,1.65,NA,7,5,33
157,"September",6.999,"Isenach","forest",7,14,4558.02,594.46,27.2,3.13,14.28,1.09,NA,7,5,33
158,"September",6.972,"Kaiserbach","forest",1,14,5412.8,1309,23.24,4.04,14.17,2.33,NA,7,5,33
159,"September",7.005,"Kaiserbach","vine",5,14,5052.15,1073.92,30.79,3.95,19.87,2.23,NA,7,5,33
162,"September",6.998,"Klingbach","transplant",6,14,5935,1949,26.19,4.59,15.18,3.23,NA,7,5,33
164,"September",6.963,"Triefenbach","vine",2,14,4923.85,879.19,23.61,2.92,16.81,2.17,NA,7,5,33
166,"September",6.98,"Isenach","transplant",7,14,4549.82,725.12,22.3,2.47,14.9,1.87,NA,7,5,33
171,"September",6.992,"Triefenbach","vine",5,14,4385.75,622.49,25.08,2.99,13.53,1.3,NA,7,5,33
172,"September",7.004,"Modenbach","vine",4,14,5462.2,1397.5,21.88,2.98,13.84,1.94,NA,7,5,33
184,"September",6.98,"Otterbach","transplant",3,14,5183,1275,25.25,5.56,15.6,2.4,NA,7,5,33
186,"September",7.013,"Klingbach","vine",3,14,5833.85,1770.32,22.34,3.68,NA,NA,NA,7,5,33
187,"September",7.003,"Kaiserbach","forest",4,14,4828.5,777.86,23.76,2.71,14.3,1.7,NA,7,5,33
189,"September",7.027,"Isenach","forest",3,14,4596.35,479.99,27.93,2.18,15.18,1.63,NA,7,5,33
197,"September",6.97,"Klingbach","vine",7,14,5493.39,1345.05,24.53,4.49,19.53,3.93,NA,7,5,33
203,"September",7.033,"Triefenbach","transplant",2,14,4415.91,755.8,23.7,5.04,12.45,2.01,NA,7,5,33
205,"September",6.988,"Isenach","forest",1,14,5002.08,870.37,25.75,3.62,16.09,1.94,NA,7,5,33
206,"September",6.953,"Otterbach","vine",3,14,5763.04,1803.87,24.04,4.77,15.24,2.67,NA,7,5,33
207,"September",7.044,"Isenach","vine",6,14,4907.1,623.58,22.23,1.8,17.69,1.35,NA,7,5,33
208,"September",7.006,"Otterbach","forest",4,14,5253.7,841.42,27.95,2.66,18.91,2.84,NA,7,5,33
210,"September",6.976,"Modenbach","vine",5,14,6708.02,2533.2,27.23,4.82,18.21,2.37,NA,7,5,33
211,"September",7.022,"Modenbach","vine",2,14,5381.8,1187.7,22.23,3.44,11.86,1.55,NA,7,5,33
213,"September",6.971,"Isenach","transplant",3,14,5020.96,1026.91,26.74,4.05,13.68,1.9,NA,7,5,33
215,"September",7.011,"Triefenbach","transplant",6,14,4199.52,508.38,28.48,3.17,18.01,1.6,NA,7,5,33
218,"September",6.998,"Triefenbach","vine",7,14,4540.92,534.52,24.04,2.6,15.98,1.83,NA,7,5,33
221,"September",7.028,"Kaiserbach","forest",5,14,4697.66,558.93,24.03,2.58,18.3,1.97,NA,7,5,33
223,"September",6.991,"Klingbach","forest",6,14,4650,1045,21.49,4.4,18.48,3.38,NA,7,5,33
224,"September",6.954,"Isenach","vine",5,14,4635.2,610.86,29.29,2.83,15.81,1.64,NA,7,5,33
227,"September",6.961,"Modenbach","forest",2,14,3676.1,371.91,25.78,2.13,13.99,1.33,NA,7,5,33
231,"September",6.989,"Klingbach","vine",1,14,4956.48,1020.75,15.37,2.76,18.64,3.71,NA,7,5,33
232,"September",6.893,"Modenbach","forest",5,14,4230.05,497.33,27.48,2.28,17.99,1.4,NA,7,5,33
233,"September",6.983,"Triefenbach","forest",7,14,4485.57,629.87,25.02,2.41,12.44,1.28,NA,7,5,33
234,"September",NA,"Klingbach","transplant",2,14,5563.99,1437.52,14.71,2.67,14.25,3.16,NA,7,5,33
238,"September",7.019,"Triefenbach","transplant",4,14,4281.27,625.84,30.29,4.45,15.33,1.81,NA,7,5,33
240,"September",7.014,"Kaiserbach","transplant",1,14,5792,1533.06,27.1,5.21,17.9,3.4,NA,7,5,33
252,"September",6.071,"Isenach","transplant",5,14,5627.68,1579.09,24.65,2.57,16.23,1.66,NA,7,5,33
256,"September",7.007,"Triefenbach","forest",4,14,3899.48,383.96,23.36,2.13,14.91,1.59,NA,7,5,33
262,"September",6.977,"Modenbach","transplant",2,14,4330.97,719.43,25.69,3.09,17.2,2.47,NA,7,5,33
265,"September",6.952,"Otterbach","vine",4,14,5942,2259,30.23,5.03,19.5,2.9,NA,7,5,33
266,"September",6.96,"Kaiserbach","vine",3,14,5352.2,1279.9,29.24,7.8,17.49,3.33,NA,7,5,33
271,"September",7.017,"Klingbach","vine",4,14,5302.67,1211.44,19.59,2.58,14.64,2.72,NA,7,5,33
283,"September",6.981,"Triefenbach","forest",1,14,4192.76,466.54,22.08,1.83,14.02,1.22,NA,7,5,33
291,"September",6.954,"Klingbach","transplant",1,14,4657,981.2,26.61,3.67,17.29,2.39,NA,7,5,33
294,"September",7.014,"Kaiserbach","vine",2,14,5928,1885,27.07,9.17,22.42,7.49,NA,7,5,33
305,"September",7.011,"Otterbach","forest",3,14,4552.1,1129.3,18.99,2.33,11.88,0.96,NA,7,5,33
506,"September",6.997,"Modenbach","transplant",5,14,4639.72,954.39,22.86,3.81,13.05,2.23,NA,7,5,33
517,"September",6.97,"Otterbach","forest",7,14,4917.1,890.82,34.55,4.82,17.59,2.14,NA,7,5,33
553,"September",6.993,"Kaiserbach","transplant",7,14,6187.7,2123.3,24.56,4.63,13.82,2.55,NA,7,5,33
612,"September",6.975,"Isenach","vine",7,14,4499.15,461.26,22.41,1.6,15.96,1.26,NA,7,5,33
658,"September",7.014,"Isenach","forest",4,14,5672.29,1295.32,27.94,4.46,17.84,2.21,NA,7,5,33
659,"September",7.014,"Kaiserbach","forest",3,14,4947.65,887.18,18.93,2.47,13.1,1.96,NA,7,5,33
665,"September",7.012,"Kaiserbach","vine",1,14,5565,1613,29.91,6.71,20.4,5.6,NA,7,5,33
679,"September",7.012,"Kaiserbach","vine",6,14,4857,1420,26.53,4.43,14.2,2.3,NA,7,5,33
683,"September",7.015,"Triefenbach","transplant",5,14,4120.57,1691.57,17.8,1.91,18.01,2.54,NA,7,5,33
700,"September",6.975,"Triefenbach","transplant",1,14,4630.18,848.97,26.39,5.15,18.44,2.68,NA,7,5,33
707,"September",7.016,"Otterbach","forest",2,14,4276.7,708.21,34.62,2.89,17.36,1.21,NA,7,5,33
714,"September",7.013,"Isenach","vine",3,14,4270.51,535.5,23.35,2.17,18.6,2.93,NA,7,5,33
721,"September",7.035,"Kaiserbach","forest",6,14,4343,731.83,26.32,3.21,18.4,2.2,NA,7,5,33
724,"September",7.045,"Kaiserbach","transplant",3,14,5346.1,1196.18,25.88,3.73,17.92,2.77,NA,7,5,33
769,"September",7.015,"Otterbach","vine",5,14,4793,797,29.61,2.73,17.13,2.07,NA,7,5,33
