x,ID,Stream,treatment,type,timepoint,Extraction_ID,Forward index,i5 seq,Reverse index,i7 seq,Miseq run
S1326Nr1_1.fastq.gz,S1326Nr1,Kropsbach,move,fine,April,1,N501,TAGATCGC,RPI1,CGTGAT,1
S1326Nr10_1.fastq.gz,S1326Nr10,Kaiserbach,forest,fine,April,18,N501,TAGATCGC,RPI18,GCGGACÊ,1
S1326Nr100_1.fastq.gz,S1326Nr100,Kaiserbach,move,fine,August,72,N502,CTCTCTAT,RPI32,TGAGTGÊ,2
S1326Nr101_1.fastq.gz,S1326Nr101,Isenach,vine,fine,August,76,N502,CTCTCTAT,RPI36,TGTTGGÊ,2
S1326Nr102_1.fastq.gz,S1326Nr102,Kropsbach,forest,fine,August,77,N502,CTCTCTAT,RPI37,ATTCCGÊ,2
S1326Nr103_1.fastq.gz,S1326Nr103,Kropsbach,move,fine,August,78,N502,CTCTCTAT,RPI38,AGCTAGÊ,2
S1326Nr104_1.fastq.gz,S1326Nr104,Triefenbach,forest,fine,August,80,N502,CTCTCTAT,RPI40,TCTGAGÊ,2
S1326Nr105_1.fastq.gz,S1326Nr105,Triefenbach,move,fine,August,81,N503,TATCCTCT,RPI1,CGTGAT,2
S1326Nr106_1.fastq.gz,S1326Nr106,Modenbach,forest,fine,August,83,N503,TATCCTCT,RPI3,GCCTAAÊ,2
S1326Nr107_1.fastq.gz,S1326Nr107,Modenbach,move,fine,August,84,N503,TATCCTCT,RPI4,TGGTCAÊ,2
S1326Nr108_1.fastq.gz,S1326Nr108,Modenbach,vine,fine,August,85,N503,TATCCTCT,RPI5,CACTGTÊ,2
S1326Nr109_1.fastq.gz,S1326Nr109,Hainbach,move,fine,August,87,N503,TATCCTCT,RPI7,GATCTGÊ,2
S1326Nr11_1.fastq.gz,S1326Nr11,Kaiserbach,move,fine,April,19,N501,TAGATCGC,RPI19,TTTCACÊ,1
S1326Nr110_1.fastq.gz,S1326Nr110,Hainbach,vine,fine,August,88,N503,TATCCTCT,RPI8,TCAAGTÊ,2
S1326Nr111_1.fastq.gz,S1326Nr111,Otterbach,vine,fine,September,91,N503,TATCCTCT,RPI11,GTAGCCÊ,2
S1326Nr112_1.fastq.gz,S1326Nr112,Otterbach,move,coarse,September,93,N503,TATCCTCT,RPI13,TTGACT,2
S1326Nr113_1.fastq.gz,S1326Nr113,Klingbach,move,fine,September,96,N503,TATCCTCT,RPI16,GGACGGÊ,2
S1326Nr114_1.fastq.gz,S1326Nr114,Klingbach,vine,coarse,September,100,N503,TATCCTCT,RPI20,GGCCACÊ,2
S1326Nr115_1.fastq.gz,S1326Nr115,Kaiserbach,vine,fine,September,102,N503,TATCCTCT,RPI22,CGTACGÊ,2
S1326Nr116_1.fastq.gz,S1326Nr116,Kaiserbach,forest,coarse,September,103,N503,TATCCTCT,RPI23,CCACTCÊ,2
S1326Nr117_1.fastq.gz,S1326Nr117,Kaiserbach,move,coarse,September,104,N503,TATCCTCT,RPI24,GCTACCÊ,2
S1326Nr118_1.fastq.gz,S1326Nr118,Modenbach,move,fine,September,113,N503,TATCCTCT,RPI33,CGCCTGÊ,2
S1326Nr119_1.fastq.gz,S1326Nr119,Modenbach,vine,fine,September,114,N503,TATCCTCT,RPI34,GCCATGÊ,2
S1326Nr12_1.fastq.gz,S1326Nr12,Kaiserbach,vine,fine,April,20,N501,TAGATCGC,RPI20,GGCCACÊ,1
S1326Nr120_1.fastq.gz,S1326Nr120,Triefenbach,move,fine,September,119,N503,TATCCTCT,RPI39,GTATAGÊ,2
S1326Nr121_1.fastq.gz,S1326Nr121,Triefenbach,forest,coarse,September,121,N503,TATCCTCT,RPI35,AAAATGÊ,2
S1326Nr122_1.fastq.gz,S1326Nr122,Triefenbach,move,coarse,September,122,N503,TATCCTCT,RPI36,TGTTGGÊ,2
S1326Nr123_1.fastq.gz,S1326Nr123,Triefenbach,vine,coarse,September,123,N503,TATCCTCT,RPI37,ATTCCGÊ,2
S1326Nr124_1.fastq.gz,S1326Nr124,,,,,PCR_NEG,N503,TATCCTCT,RPI40,TCTGAGÊ,2
S1326Nr125_1.fastq.gz,S1326Nr125,,,,,Mock,N503,TATCCTCT,RPI38,AGCTAGÊ,2
S1326Nr13_1.fastq.gz,S1326Nr13,Triefenbach,move,fine,April,21,N501,TAGATCGC,RPI21,CGAAACÊ,1
S1326Nr14_1.fastq.gz,S1326Nr14,Triefenbach,forest,fine,April,22,N501,TAGATCGC,RPI22,CGTACGÊ,1
S1326Nr15_1.fastq.gz,S1326Nr15,Dierbach,forest,fine,April,24,N501,TAGATCGC,RPI24,GCTACCÊ,1
S1326Nr16_1.fastq.gz,S1326Nr16,Klingbach,forest,fine,April,27,N501,TAGATCGC,RPI27,AGGAATÊ,1
S1326Nr17_1.fastq.gz,S1326Nr17,Klingbach,move,fine,April,28,N501,TAGATCGC,RPI28,CTTTTGÊ,1
S1326Nr18_1.fastq.gz,S1326Nr18,Klingbach,vine,fine,April,29,N501,TAGATCGC,RPI29,TAGTTGÊ,1
S1326Nr19_1.fastq.gz,S1326Nr19,Kropsbach,vine,fine,April,30,N501,TAGATCGC,RPI30,CCGGTG,1
S1326Nr2_1.fastq.gz,S1326Nr2,Modenbach,forest,fine,April,3,N501,TAGATCGC,RPI3,GCCTAAÊ,1
S1326Nr20_1.fastq.gz,S1326Nr20,Russbach,move,fine,June,32,N501,TAGATCGC,RPI32,TGAGTGÊ,1
S1326Nr21_1.fastq.gz,S1326Nr21,Otterbach,forest,fine,June,34,N501,TAGATCGC,RPI34,GCCATGÊ,1
S1326Nr22_1.fastq.gz,S1326Nr22,Otterbach,vine,fine,June,36,N501,TAGATCGC,RPI36,TGTTGGÊ,1
S1326Nr23_1.fastq.gz,S1326Nr23,Dierbach,move,fine,June,38,N501,TAGATCGC,RPI38,AGCTAGÊ,1
S1326Nr24_1.fastq.gz,S1326Nr24,Klingbach,forest,fine,June,40,N501,TAGATCGC,RPI40,TCTGAGÊ,1
S1326Nr25_1.fastq.gz,S1326Nr25,Klingbach,move,fine,June,41,N502,CTCTCTAT,RPI1,CGTGAT,1
S1326Nr26_1.fastq.gz,S1326Nr26,Klingbach,vine,fine,June,42,N502,CTCTCTAT,RPI2,ACATCGÊ,1
S1326Nr27_1.fastq.gz,S1326Nr27,Kaiserbach,forest,fine,June,43,N502,CTCTCTAT,RPI3,GCCTAAÊ,1
S1326Nr28_1.fastq.gz,S1326Nr28,Kaiserbach,move,fine,June,44,N502,CTCTCTAT,RPI4,TGGTCAÊ,1
S1326Nr29_1.fastq.gz,S1326Nr29,Kropsbach,forest,fine,June,49,N502,CTCTCTAT,RPI9,CTGATCÊ,1
S1326Nr3_1.fastq.gz,S1326Nr3,Isenach,forest,fine,April,7,N501,TAGATCGC,RPI7,GATCTGÊ,1
S1326Nr30_1.fastq.gz,S1326Nr30,Modenbach,forest,fine,June,53,N502,CTCTCTAT,RPI13,TTGACT,1
S1326Nr31_1.fastq.gz,S1326Nr31,Hainbach,forest,fine,June,56,N502,CTCTCTAT,RPI16,GGACGGÊ,1
S1326Nr32_1.fastq.gz,S1326Nr32,Otterbach,move,fine,August,63,N502,CTCTCTAT,RPI23,CCACTCÊ,1
S1326Nr33_1.fastq.gz,S1326Nr33,Dierbach,forest,fine,August,65,N502,CTCTCTAT,RPI25,ATCAGTÊ,1
S1326Nr34_1.fastq.gz,S1326Nr34,Klingbach,move,fine,August,69,N502,CTCTCTAT,RPI29,TAGTTGÊ,1
S1326Nr35_1.fastq.gz,S1326Nr35,Kaiserbach,vine,fine,August,73,N502,CTCTCTAT,RPI33,CGCCTGÊ,1
S1326Nr36_1.fastq.gz,S1326Nr36,Isenach,forest,fine,August,74,N502,CTCTCTAT,RPI34,GCCATGÊ,1
S1326Nr37_1.fastq.gz,S1326Nr37,Isenach,move,fine,August,75,N502,CTCTCTAT,RPI35,AAAATGÊ,1
S1326Nr38_1.fastq.gz,S1326Nr38,Kropsbach,vine,fine,August,79,N502,CTCTCTAT,RPI39,GTATAGÊ,1
S1326Nr39_1.fastq.gz,S1326Nr39,Triefenbach,vine,fine,August,82,N503,TATCCTCT,RPI2,ACATCGÊ,1
S1326Nr4_1.fastq.gz,S1326Nr4,Isenach,move,fine,April,8,N501,TAGATCGC,RPI8,TCAAGTÊ,1
S1326Nr40_1.fastq.gz,S1326Nr40,Hainbach,forest,fine,August,86,N503,TATCCTCT,RPI6,ATTGGCÊ,1
S1326Nr41_1.fastq.gz,S1326Nr41,Otterbach,forest,fine,September,89,N503,TATCCTCT,RPI9,CTGATCÊ,1
S1326Nr42_1.fastq.gz,S1326Nr42,Otterbach,move,fine,September,90,N503,TATCCTCT,RPI10,AAGCTAÊ,1
S1326Nr43_1.fastq.gz,S1326Nr43,Otterbach,forest,coarse,September,92,N503,TATCCTCT,RPI12,TACAAGÊ,1
S1326Nr44_1.fastq.gz,S1326Nr44,Otterbach,vine,coarse,September,94,N503,TATCCTCT,RPI14,GGAACTÊ,1
S1326Nr45_1.fastq.gz,S1326Nr45,Klingbach,forest,fine,September,95,N503,TATCCTCT,RPI15,TGACATÊ,1
S1326Nr46_1.fastq.gz,S1326Nr46,Klingbach,vine,fine,September,97,N503,TATCCTCT,RPI17,CTCTACÊ,1
S1326Nr47_1.fastq.gz,S1326Nr47,Klingbach,forest,coarse,September,98,N503,TATCCTCT,RPI18,GCGGACÊ,1
S1326Nr48_1.fastq.gz,S1326Nr48,Klingbach,move,coarse,September,99,N503,TATCCTCT,RPI19,TTTCACÊ,1
S1326Nr49_1.fastq.gz,S1326Nr49,Kaiserbach,move,fine,September,101,N503,TATCCTCT,RPI21,CGAAACÊ,1
S1326Nr5_1.fastq.gz,S1326Nr5,Modenbach,vine,fine,April,9,N501,TAGATCGC,RPI9,CTGATCÊ,1
S1326Nr50_1.fastq.gz,S1326Nr50,Kaiserbach,vine,coarse,September,105,N503,TATCCTCT,RPI25,ATCAGTÊ,1
S1326Nr51_1.fastq.gz,S1326Nr51,Isenach,forest,fine,September,106,N503,TATCCTCT,RPI26,GCTCATÊ,1
S1326Nr52_1.fastq.gz,S1326Nr52,Isenach,move,fine,September,107,N503,TATCCTCT,RPI27,AGGAATÊ,1
S1326Nr53_1.fastq.gz,S1326Nr53,Isenach,vine,fine,September,108,N503,TATCCTCT,RPI28,CTTTTGÊ,1
S1326Nr54_1.fastq.gz,S1326Nr54,Isenach,forest,coarse,September,109,N503,TATCCTCT,RPI29,TAGTTGÊ,1
S1326Nr55_1.fastq.gz,S1326Nr55,Isenach,move,coarse,September,110,N503,TATCCTCT,RPI30,CCGGTG,1
S1326Nr56_1.fastq.gz,S1326Nr56,Isenach,vine,coarse,September,111,N503,TATCCTCT,RPI31,ATCGTGÊ,1
S1326Nr57_1.fastq.gz,S1326Nr57,Modenbach,forest,fine,September,112,N503,TATCCTCT,RPI32,TGAGTGÊ,1
S1326Nr58_1.fastq.gz,S1326Nr58,Modenbach,forest,coarse,September,115,N503,TATCCTCT,RPI35,AAAATGÊ,1
S1326Nr59_1.fastq.gz,S1326Nr59,Modenbach,move,coarse,September,116,N503,TATCCTCT,RPI36,TGTTGGÊ,1
S1326Nr6_1.fastq.gz,S1326Nr6,Otterbach,vine,fine,April,12,N501,TAGATCGC,RPI12,TACAAGÊ,1
S1326Nr60_1.fastq.gz,S1326Nr60,Modenbach,vine,coarse,September,117,N503,TATCCTCT,RPI37,ATTCCGÊ,1
S1326Nr61_1.fastq.gz,S1326Nr61,Triefenbach,forest,fine,September,118,N503,TATCCTCT,RPI38,AGCTAGÊ,1
S1326Nr62_1.fastq.gz,S1326Nr62,Triefenbach,vine,fine,September,120,N503,TATCCTCT,RPI40,TCTGAGÊ,1
S1326Nr63_1.fastq.gz,S1326Nr63,Russbach,forest,fine,April,2,N501,TAGATCGC,RPI2,ACATCGÊ,2
S1326Nr64_1.fastq.gz,S1326Nr64,Russbach,vine,fine,April,4,N501,TAGATCGC,RPI4,TGGTCAÊ,2
S1326Nr65_1.fastq.gz,S1326Nr65,Kropsbach,forest,fine,April,5,N501,TAGATCGC,RPI5,CACTGTÊ,2
S1326Nr66_1.fastq.gz,S1326Nr66,Isenach,vine,fine,April,6,N501,TAGATCGC,RPI6,ATTGGCÊ,2
S1326Nr67_1.fastq.gz,S1326Nr67,Modenbach,move,fine,April,10,N501,TAGATCGC,RPI10,AAGCTAÊ,2
S1326Nr68_1.fastq.gz,S1326Nr68,Otterbach,move,fine,April,11,N501,TAGATCGC,RPI11,GTAGCCÊ,2
S1326Nr69_1.fastq.gz,S1326Nr69,Otterbach,forest,fine,April,13,N501,TAGATCGC,RPI13,TTGACT,2
S1326Nr7_1.fastq.gz,S1326Nr7,Russbach,move,fine,April,14,N501,TAGATCGC,RPI14,GGAACTÊ,1
S1326Nr70_1.fastq.gz,S1326Nr70,Hainbach,vine,fine,April,17,N501,TAGATCGC,RPI17,CTCTACÊ,2
S1326Nr71_1.fastq.gz,S1326Nr71,Triefenbach,vine,fine,April,23,N501,TAGATCGC,RPI23,CCACTCÊ,2
S1326Nr72_1.fastq.gz,S1326Nr72,Dierbach,move,fine,April,25,N501,TAGATCGC,RPI25,ATCAGTÊ,2
S1326Nr73_1.fastq.gz,S1326Nr73,Dierbach,vine,fine,April,26,N501,TAGATCGC,RPI26,GCTCATÊ,2
S1326Nr74_1.fastq.gz,S1326Nr74,Russbach,forest,fine,June,31,N501,TAGATCGC,RPI31,ATCGTGÊ,2
S1326Nr75_1.fastq.gz,S1326Nr75,Russbach,vine,fine,June,33,N501,TAGATCGC,RPI33,CGCCTGÊ,2
S1326Nr76_1.fastq.gz,S1326Nr76,Otterbach,move,fine,June,35,N501,TAGATCGC,RPI35,AAAATGÊ,2
S1326Nr77_1.fastq.gz,S1326Nr77,Dierbach,forest,fine,June,37,N501,TAGATCGC,RPI37,ATTCCGÊ,2
S1326Nr78_1.fastq.gz,S1326Nr78,Dierbach,vine,fine,June,39,N501,TAGATCGC,RPI39,GTATAGÊ,2
S1326Nr79_1.fastq.gz,S1326Nr79,Kaiserbach,vine,fine,June,45,N502,CTCTCTAT,RPI5,CACTGTÊ,2
S1326Nr8_1.fastq.gz,S1326Nr8,Hainbach,move,fine,April,15,N501,TAGATCGC,RPI15,TGACATÊ,1
S1326Nr80_1.fastq.gz,S1326Nr80,Isenach,forest,fine,June,46,N502,CTCTCTAT,RPI6,ATTGGCÊ,2
S1326Nr81_1.fastq.gz,S1326Nr81,Isenach,move,fine,June,47,N502,CTCTCTAT,RPI7,GATCTGÊ,2
S1326Nr82_1.fastq.gz,S1326Nr82,Isenach,vine,fine,June,48,N502,CTCTCTAT,RPI8,TCAAGTÊ,2
S1326Nr83_1.fastq.gz,S1326Nr83,Triefenbach,forest,fine,June,50,N502,CTCTCTAT,RPI10,AAGCTAÊ,2
S1326Nr84_1.fastq.gz,S1326Nr84,Triefenbach,move,fine,June,51,N502,CTCTCTAT,RPI11,GTAGCCÊ,2
S1326Nr85_1.fastq.gz,S1326Nr85,Triefenbach,vine,fine,June,52,N502,CTCTCTAT,RPI12,TACAAGÊ,2
S1326Nr86_1.fastq.gz,S1326Nr86,Modenbach,move,fine,June,54,N502,CTCTCTAT,RPI14,GGAACTÊ,2
S1326Nr87_1.fastq.gz,S1326Nr87,Modenbach,vine,fine,June,55,N502,CTCTCTAT,RPI15,TGACATÊ,2
S1326Nr88_1.fastq.gz,S1326Nr88,Hainbach,move,fine,June,57,N502,CTCTCTAT,RPI17,CTCTACÊ,2
S1326Nr89_1.fastq.gz,S1326Nr89,Hainbach,vine,fine,June,58,N502,CTCTCTAT,RPI18,GCGGACÊ,2
S1326Nr9_1.fastq.gz,S1326Nr9,Hainbach,forest,fine,April,16,N501,TAGATCGC,RPI16,GGACGGÊ,1
S1326Nr90_1.fastq.gz,S1326Nr90,Russbach,forest,fine,August,59,N502,CTCTCTAT,RPI19,TTTCACÊ,2
S1326Nr91_1.fastq.gz,S1326Nr91,Russbach,move,fine,August,60,N502,CTCTCTAT,RPI20,GGCCACÊ,2
S1326Nr92_1.fastq.gz,S1326Nr92,Russbach,vine,fine,August,61,N502,CTCTCTAT,RPI21,CGAAACÊ,2
S1326Nr93_1.fastq.gz,S1326Nr93,Otterbach,forest,fine,August,62,N502,CTCTCTAT,RPI22,CGTACGÊ,2
S1326Nr94_1.fastq.gz,S1326Nr94,Otterbach,vine,fine,August,64,N502,CTCTCTAT,RPI24,GCTACCÊ,2
S1326Nr95_1.fastq.gz,S1326Nr95,Dierbach,move,fine,August,66,N502,CTCTCTAT,RPI26,GCTCATÊ,2
S1326Nr96_1.fastq.gz,S1326Nr96,Dierbach,vine,fine,August,67,N502,CTCTCTAT,RPI27,AGGAATÊ,2
S1326Nr97_1.fastq.gz,S1326Nr97,Klingbach,forest,fine,August,68,N502,CTCTCTAT,RPI28,CTTTTGÊ,2
S1326Nr98_1.fastq.gz,S1326Nr98,Klingbach,vine,fine,August,70,N502,CTCTCTAT,RPI30,CCGGTG,2
S1326Nr99_1.fastq.gz,S1326Nr99,Kaiserbach,forest,fine,August,71,N502,CTCTCTAT,RPI31,ATCGTGÊ,2